VenueID,VenueType,SummaryLength,RedactedTokens,InferenceTime_ms,Score,AgentID
1,Hospital,142,19,866.44,0.66,A1025
1,Hospital,114,10,1295.67,0.94,A1759
1,Hospital,139,7,1025.74,0.67,A1281
1,Hospital,97,21,1042.45,0.6,A1250
1,Hospital,128,16,468.27,0.62,A1228
1,Hospital,54,29,1381.03,0.64,A1142
1,Hospital,90,11,1967.85,0.62,A1754
1,Hospital,90,6,1318.27,0.67,A1104
1,Hospital,57,3,1228.54,0.75,A1692
1,Hospital,129,20,1399.4,0.69,A1758
1,Hospital,131,14,1484.65,0.92,A1913
1,Hospital,74,13,1674.26,0.75,A1558
1,Hospital,89,7,1065.98,0.68,A1089
1,Hospital,43,21,1657.27,0.61,A1604
1,Hospital,185,25,546.5,0.96,A1432
1,Hospital,134,15,886.83,0.73,A1032
1,Hospital,79,20,756.44,0.92,A1030
1,Hospital,193,24,984.05,0.71,A1095
1,Hospital,163,12,1297.23,0.63,A1223
1,Hospital,110,8,1084.48,0.9,A1238
1,Hospital,175,23,1479.18,0.84,A1517
1,Hospital,80,27,1403.33,0.94,A1616
1,Hospital,111,11,1056.25,0.72,A1027
1,Hospital,76,2,1144.3,0.83,A1574
1,Hospital,74,0,1298.05,0.93,A1203
1,Hospital,44,25,1175.66,0.69,A1733
1,Hospital,181,6,1154.84,0.68,A1665
1,Hospital,135,6,910.33,0.79,A1718
1,Hospital,135,3,1134.1,0.76,A1558
1,Hospital,68,3,1307.13,0.97,A1429
1,Hospital,110,26,1411.49,0.84,A1225
1,Hospital,101,24,1308.28,0.64,A1459
1,Hospital,67,27,1075.57,0.94,A1603
1,Hospital,167,25,780.38,0.65,A1284
1,Hospital,168,24,795.18,0.66,A1828
1,Hospital,194,8,894.28,0.79,A1890
1,Hospital,90,9,1335.88,0.73,A1006
1,Hospital,135,23,1150.18,0.87,A1777
1,Hospital,152,29,1194.43,0.72,A1825
1,Hospital,152,23,697.95,0.61,A1163
1,Hospital,152,1,1002.25,0.71,A1714
1,Hospital,168,18,1201.18,0.87,A1432
1,Hospital,92,11,1789.51,0.83,A1348
1,Hospital,162,16,618.03,0.88,A1284
1,Hospital,63,4,1621.56,0.81,A1159
1,Hospital,183,0,1617.7,0.66,A1220
1,Hospital,109,15,1229.9,0.86,A1980
1,Hospital,186,25,1048.96,0.8,A1781
1,Hospital,186,19,881.31,0.87,A1344
1,Hospital,167,6,1342.08,0.97,A1104
1,Hospital,168,10,965.02,0.96,A1094
1,Hospital,81,2,1103.38,0.69,A1389
1,Hospital,183,25,1203.91,0.7,A1099
1,Hospital,168,15,1313.33,0.98,A1367
1,Hospital,76,26,1019.58,0.87,A1867
1,Hospital,170,19,946.02,0.95,A1352
1,Hospital,159,0,995.99,0.66,A1618
1,Hospital,143,19,1269.68,0.83,A1270
1,Hospital,151,29,904.39,0.79,A1826
1,Hospital,107,0,871.82,0.79,A1044
1,Hospital,87,19,1602.95,0.88,A1747
1,Hospital,167,0,979.64,0.81,A1470
1,Hospital,154,21,933.15,0.98,A1549
1,Hospital,148,18,955.26,0.95,A1127
1,Hospital,66,26,1203.9,0.82,A1996
1,Hospital,100,15,1636.06,0.71,A1944
1,Hospital,74,16,665.02,0.94,A1387
1,Hospital,163,8,1127.06,0.97,A1080
1,Hospital,132,16,1835.67,0.98,A1565
1,Hospital,155,28,1663.96,0.75,A1300
1,Hospital,106,17,1413.03,0.87,A1849
1,Hospital,143,13,1227.74,0.64,A1643
1,Hospital,71,14,1517.23,0.89,A1633
1,Hospital,176,10,1215.41,0.88,A1906
1,Hospital,78,28,999.92,0.7,A1882
1,Hospital,191,12,692.45,0.63,A1370
1,Hospital,174,24,845.02,0.63,A1591
1,Hospital,183,13,1348.5,0.95,A1196
1,Hospital,182,27,731.83,0.86,A1721
1,Hospital,90,24,1800.1,0.66,A1071
1,Hospital,164,21,1075.64,0.61,A1046
1,Hospital,109,14,1224.06,0.74,A1677
1,Hospital,140,0,1037.61,0.98,A1233
1,Hospital,142,3,1433.05,0.93,A1791
1,Hospital,155,29,1843.18,0.88,A1296
1,Hospital,52,17,1390.18,0.8,A1081
1,Hospital,197,18,1001.46,0.77,A1875
1,Hospital,129,4,1455.73,0.67,A1238
1,Hospital,101,22,1734.39,0.62,A1887
1,Hospital,161,0,996.78,0.77,A1103
1,Hospital,135,29,1255.16,0.8,A1389
1,Hospital,108,21,1373.37,0.88,A1284
1,Hospital,115,25,1580.07,0.61,A1464
1,Hospital,108,14,987.7,0.62,A1650
1,Hospital,183,25,1409.73,0.74,A1854
1,Hospital,140,22,1379.97,0.62,A1373
1,Hospital,108,3,1161.48,0.84,A1166
1,Hospital,135,0,1060.3,0.81,A1379
1,Hospital,43,15,1259.72,0.61,A1363
1,Hospital,167,26,1019.93,0.91,A1214
2,Research Lab,179,17,889.68,0.92,A1718
2,Research Lab,140,11,1261.28,0.75,A1959
2,Research Lab,113,10,1284.3,0.63,A1699
2,Research Lab,47,28,1013.19,0.93,A1663
2,Research Lab,129,29,1023.19,0.65,A1073
2,Research Lab,153,12,1454.88,0.97,A1623
2,Research Lab,159,3,1334.59,0.81,A1650
2,Research Lab,140,8,1176.38,0.82,A1175
2,Research Lab,138,15,1089.67,0.83,A1546
2,Research Lab,190,29,1035.68,0.82,A1746
2,Research Lab,51,16,1543.31,0.69,A1250
2,Research Lab,69,16,1457.36,0.81,A1167
2,Research Lab,123,15,736.5,0.64,A1473
2,Research Lab,139,11,947.18,0.97,A1388
2,Research Lab,186,11,1317.61,0.86,A1276
2,Research Lab,91,18,1162.64,0.79,A1947
2,Research Lab,183,20,1260.57,0.82,A1655
2,Research Lab,92,22,958.58,0.9,A1704
2,Research Lab,78,12,1297.36,0.88,A1570
2,Research Lab,115,8,1702.59,0.9,A1224
2,Research Lab,184,28,1122.47,0.69,A1701
2,Research Lab,176,17,1555.04,0.95,A1332
2,Research Lab,44,28,765.57,0.92,A1863
2,Research Lab,110,24,777.76,0.83,A1786
2,Research Lab,75,5,1150.84,0.75,A1794
2,Research Lab,130,9,1758.23,0.95,A1057
2,Research Lab,78,29,1109.3,0.78,A1234
2,Research Lab,97,19,1198.63,0.65,A1841
2,Research Lab,100,8,1452.05,0.69,A1032
2,Research Lab,152,24,1540.0,0.94,A1824
2,Research Lab,156,5,630.98,0.62,A1323
2,Research Lab,186,19,1379.73,0.63,A1410
2,Research Lab,86,8,989.46,0.99,A1274
2,Research Lab,93,21,909.87,0.75,A1067
2,Research Lab,51,9,1856.94,0.71,A1216
2,Research Lab,131,3,957.51,0.78,A1935
2,Research Lab,99,17,960.53,0.7,A1965
2,Research Lab,194,21,798.65,0.61,A1580
2,Research Lab,196,12,803.93,0.96,A1897
2,Research Lab,148,4,1749.44,0.61,A1735
2,Research Lab,72,21,1288.64,0.75,A1322
2,Research Lab,125,26,870.8,0.93,A1217
2,Research Lab,137,8,721.67,0.62,A1671
2,Research Lab,45,27,1020.19,0.92,A1511
2,Research Lab,134,4,1201.57,0.9,A1405
2,Research Lab,122,16,1214.09,0.69,A1905
2,Research Lab,149,0,1236.09,0.69,A1936
2,Research Lab,152,7,1354.33,0.84,A1658
2,Research Lab,131,7,1199.51,0.79,A1469
2,Research Lab,42,26,1072.19,0.72,A1146
2,Research Lab,93,11,1507.97,0.76,A1271
2,Research Lab,151,14,1249.83,0.76,A1142
2,Research Lab,124,13,910.52,0.65,A1252
2,Research Lab,77,17,1405.82,0.83,A1762
2,Research Lab,69,14,1465.82,0.74,A1574
2,Research Lab,118,27,1158.88,0.72,A1551
2,Research Lab,145,18,1490.59,0.78,A1269
2,Research Lab,184,9,1393.72,0.9,A1764
2,Research Lab,123,23,1238.41,0.74,A1598
2,Research Lab,165,10,1055.6,0.83,A1438
2,Research Lab,154,14,869.62,0.73,A1919
2,Research Lab,135,2,1346.3,0.8,A1597
2,Research Lab,199,17,790.3,0.92,A1408
2,Research Lab,131,9,1351.23,0.67,A1370
2,Research Lab,188,5,1167.89,0.68,A1224
2,Research Lab,73,16,889.43,0.8,A1141
2,Research Lab,84,26,990.08,0.94,A1521
2,Research Lab,102,15,1264.19,0.62,A1505
2,Research Lab,65,3,1384.25,0.67,A1093
2,Research Lab,86,23,1427.25,0.79,A1773
2,Research Lab,67,22,1734.22,0.62,A1048
2,Research Lab,95,18,1275.74,0.88,A1881
2,Research Lab,150,22,2123.66,0.64,A1112
2,Research Lab,77,2,1535.87,0.75,A1156
2,Research Lab,158,4,1277.98,0.93,A1642
2,Research Lab,125,25,812.69,0.81,A1163
2,Research Lab,64,16,1095.06,0.74,A1811
2,Research Lab,148,17,566.79,0.63,A1696
2,Research Lab,150,21,1656.94,0.77,A1432
2,Research Lab,122,9,1361.67,0.71,A1610
2,Research Lab,45,19,1477.85,0.74,A1065
2,Research Lab,148,5,1772.82,0.84,A1394
2,Research Lab,72,20,1004.81,0.67,A1390
2,Research Lab,101,29,1053.86,0.67,A1610
2,Research Lab,94,8,1214.56,0.76,A1479
2,Research Lab,75,23,950.71,0.64,A1541
2,Research Lab,105,19,1026.97,0.67,A1257
2,Research Lab,101,24,1426.62,0.88,A1994
2,Research Lab,175,25,1479.9,0.67,A1566
2,Research Lab,157,3,971.48,0.77,A1881
2,Research Lab,59,16,1754.09,0.9,A1965
2,Research Lab,77,4,1279.79,0.8,A1011
2,Research Lab,139,12,1004.45,0.73,A1696
2,Research Lab,49,4,1214.22,0.62,A1738
2,Research Lab,169,12,1025.23,0.65,A1117
2,Research Lab,112,16,1278.27,0.65,A1698
2,Research Lab,182,23,1586.52,0.64,A1906
2,Research Lab,108,29,1339.35,0.89,A1549
2,Research Lab,117,20,1250.92,0.67,A1768
2,Research Lab,74,0,1226.82,0.89,A1273
3,Research Lab,189,27,1164.04,0.91,A1114
3,Research Lab,53,27,1234.12,0.66,A1300
3,Research Lab,44,18,1286.93,0.74,A1445
3,Research Lab,81,24,1822.62,0.87,A1161
3,Research Lab,111,6,1365.76,0.84,A1464
3,Research Lab,136,22,1288.67,0.77,A1003
3,Research Lab,192,16,1128.25,0.81,A1976
3,Research Lab,143,7,1446.93,0.84,A1739
3,Research Lab,173,2,756.42,0.65,A1896
3,Research Lab,54,14,1543.13,0.84,A1736
3,Research Lab,194,3,1491.02,0.66,A1269
3,Research Lab,125,1,1416.23,0.9,A1995
3,Research Lab,162,9,1511.26,0.64,A1512
3,Research Lab,148,23,1047.0,0.84,A1780
3,Research Lab,54,28,894.41,0.76,A1182
3,Research Lab,169,26,2092.86,0.85,A1519
3,Research Lab,75,25,967.86,0.67,A1934
3,Research Lab,113,7,826.6,0.83,A1108
3,Research Lab,62,14,1444.11,0.96,A1891
3,Research Lab,143,29,749.65,0.64,A1640
3,Research Lab,150,7,1734.65,0.96,A1305
3,Research Lab,111,9,1377.08,0.9,A1861
3,Research Lab,70,25,1011.77,0.67,A1654
3,Research Lab,96,0,1051.38,0.94,A1519
3,Research Lab,94,18,692.26,0.62,A1623
3,Research Lab,176,9,1658.87,0.91,A1203
3,Research Lab,156,25,896.37,0.81,A1156
3,Research Lab,114,5,703.54,0.74,A1382
3,Research Lab,130,16,1066.96,0.96,A1780
3,Research Lab,191,24,1224.8,0.79,A1165
3,Research Lab,127,0,1524.14,0.85,A1552
3,Research Lab,195,17,646.53,0.86,A1976
3,Research Lab,120,19,1883.0,0.94,A1797
3,Research Lab,102,28,711.21,0.67,A1944
3,Research Lab,110,0,938.74,0.77,A1543
3,Research Lab,101,29,716.41,0.67,A1940
3,Research Lab,69,15,986.15,0.9,A1000
3,Research Lab,152,17,1231.93,0.79,A1613
3,Research Lab,102,3,1286.95,0.97,A1331
3,Research Lab,71,9,1123.55,0.71,A1500
3,Research Lab,149,1,1091.43,0.66,A1019
3,Research Lab,174,28,1179.12,0.76,A1114
3,Research Lab,96,22,968.84,0.8,A1951
3,Research Lab,111,21,1012.79,0.73,A1371
3,Research Lab,106,18,833.36,0.64,A1899
3,Research Lab,135,23,1413.9,0.88,A1851
3,Research Lab,159,13,1091.71,0.86,A1826
3,Research Lab,181,22,1547.8,0.95,A1314
3,Research Lab,46,9,699.07,0.95,A1245
3,Research Lab,86,4,1729.41,0.73,A1059
3,Research Lab,169,2,733.01,0.84,A1246
3,Research Lab,176,1,1381.8,0.94,A1899
3,Research Lab,138,19,1249.92,0.98,A1580
3,Research Lab,167,16,907.21,0.79,A1969
3,Research Lab,53,8,1846.57,0.7,A1080
3,Research Lab,61,10,1401.68,0.76,A1087
3,Research Lab,193,25,1289.19,0.87,A1749
3,Research Lab,109,17,1386.84,0.81,A1497
3,Research Lab,81,3,972.11,0.76,A1835
3,Research Lab,161,11,1198.99,0.68,A1070
3,Research Lab,145,21,1276.81,0.83,A1778
3,Research Lab,92,6,1494.81,0.82,A1545
3,Research Lab,184,25,1621.17,0.76,A1784
3,Research Lab,169,27,1051.35,0.97,A1128
3,Research Lab,90,20,769.69,0.75,A1131
3,Research Lab,79,10,1374.31,0.74,A1675
3,Research Lab,152,26,1372.19,0.79,A1486
3,Research Lab,150,23,673.93,0.97,A1969
3,Research Lab,108,23,1382.27,0.62,A1562
3,Research Lab,148,10,744.25,0.73,A1169
3,Research Lab,193,1,1189.5,0.87,A1271
3,Research Lab,81,24,1731.24,0.7,A1540
3,Research Lab,170,17,1389.72,0.71,A1893
3,Research Lab,137,11,1491.77,0.74,A1621
3,Research Lab,83,26,1177.67,0.67,A1433
3,Research Lab,101,15,1386.2,0.94,A1987
3,Research Lab,47,20,1441.44,0.85,A1216
3,Research Lab,64,17,1479.08,0.79,A1951
3,Research Lab,182,26,1445.55,0.61,A1552
3,Research Lab,156,6,1240.15,0.72,A1773
3,Research Lab,111,17,1607.06,0.89,A1747
3,Research Lab,155,6,1092.17,0.78,A1706
3,Research Lab,142,16,817.78,0.82,A1205
3,Research Lab,84,1,1624.21,0.95,A1730
3,Research Lab,147,6,1323.77,0.91,A1319
3,Research Lab,192,12,621.09,0.84,A1408
3,Research Lab,55,12,795.16,0.61,A1687
3,Research Lab,73,29,1375.65,0.6,A1665
3,Research Lab,52,12,1392.27,0.63,A1382
3,Research Lab,85,19,1148.43,0.62,A1448
3,Research Lab,101,20,1979.31,0.71,A1921
3,Research Lab,160,9,1004.89,0.64,A1529
3,Research Lab,142,19,938.21,0.64,A1462
3,Research Lab,181,23,1438.1,0.71,A1123
3,Research Lab,107,17,619.9,0.87,A1253
3,Research Lab,179,26,837.78,0.97,A1230
3,Research Lab,100,4,1150.28,0.94,A1065
3,Research Lab,85,23,952.32,0.78,A1346
3,Research Lab,116,1,1550.13,0.8,A1021
3,Research Lab,113,10,1686.33,0.67,A1602
4,Law Firm,42,23,1051.21,0.98,A1602
4,Law Firm,48,2,1149.57,0.83,A1225
4,Law Firm,100,26,1626.15,0.87,A1007
4,Law Firm,42,2,1028.78,0.69,A1072
4,Law Firm,159,28,1907.21,0.83,A1724
4,Law Firm,137,10,1481.35,0.94,A1646
4,Law Firm,106,26,1363.05,0.81,A1060
4,Law Firm,163,14,1525.08,0.6,A1234
4,Law Firm,172,15,947.73,0.69,A1069
4,Law Firm,67,4,1197.52,0.99,A1927
4,Law Firm,153,7,1212.98,0.95,A1032
4,Law Firm,106,23,1509.14,0.86,A1880
4,Law Firm,79,26,1322.82,0.8,A1338
4,Law Firm,119,7,1391.39,0.7,A1072
4,Law Firm,98,26,1060.65,0.69,A1526
4,Law Firm,139,26,914.9,0.89,A1243
4,Law Firm,46,4,1088.9,0.89,A1285
4,Law Firm,198,17,949.93,0.92,A1685
4,Law Firm,116,28,965.37,0.63,A1497
4,Law Firm,194,16,1015.49,0.82,A1219
4,Law Firm,143,1,1393.65,0.9,A1552
4,Law Firm,109,18,1848.98,0.9,A1135
4,Law Firm,113,8,1171.41,0.85,A1740
4,Law Firm,76,28,1283.71,0.91,A1957
4,Law Firm,187,3,1144.09,0.88,A1903
4,Law Firm,189,16,1078.6,0.83,A1584
4,Law Firm,61,25,1806.12,0.83,A1590
4,Law Firm,46,28,978.04,0.61,A1484
4,Law Firm,173,14,1669.66,0.87,A1248
4,Law Firm,65,1,1180.27,0.71,A1803
4,Law Firm,68,3,765.6,0.66,A1484
4,Law Firm,158,28,540.36,0.87,A1826
4,Law Firm,155,1,982.97,0.65,A1416
4,Law Firm,120,29,1419.34,0.66,A1194
4,Law Firm,131,28,1165.62,0.85,A1096
4,Law Firm,45,18,1389.98,0.71,A1099
4,Law Firm,170,26,1469.37,0.69,A1674
4,Law Firm,103,16,1138.03,0.85,A1441
4,Law Firm,51,17,1175.35,0.98,A1362
4,Law Firm,184,28,1535.19,0.9,A1433
4,Law Firm,118,26,1337.98,0.84,A1420
4,Law Firm,63,27,1382.25,0.98,A1478
4,Law Firm,187,13,1691.43,0.7,A1884
4,Law Firm,48,5,1650.31,0.69,A1746
4,Law Firm,102,21,722.58,0.91,A1055
4,Law Firm,178,12,1369.41,0.66,A1689
4,Law Firm,60,17,918.89,0.98,A1669
4,Law Firm,71,10,1685.64,0.87,A1661
4,Law Firm,72,27,909.91,0.69,A1100
4,Law Firm,160,13,1185.69,0.66,A1062
4,Law Firm,119,21,1651.02,0.82,A1412
4,Law Firm,199,17,1463.21,0.73,A1745
4,Law Firm,41,0,1125.85,0.61,A1347
4,Law Firm,155,25,995.4,0.75,A1819
4,Law Firm,142,25,1496.66,0.68,A1882
4,Law Firm,158,11,1386.99,0.64,A1111
4,Law Firm,100,2,1263.17,0.84,A1254
4,Law Firm,199,8,1464.09,0.88,A1196
4,Law Firm,47,7,1468.56,0.73,A1194
4,Law Firm,166,6,1390.55,0.86,A1549
4,Law Firm,171,5,1140.61,0.85,A1459
4,Law Firm,80,27,1595.18,0.89,A1143
4,Law Firm,51,22,1110.51,0.84,A1432
4,Law Firm,186,22,1849.1,0.78,A1187
4,Law Firm,175,28,1385.61,0.79,A1285
4,Law Firm,121,5,1538.8,0.88,A1473
4,Law Firm,189,4,861.65,0.87,A1255
4,Law Firm,132,21,1369.28,0.61,A1895
4,Law Firm,136,6,1527.31,0.88,A1945
4,Law Firm,63,19,1166.78,0.85,A1077
4,Law Firm,147,29,1267.34,0.77,A1453
4,Law Firm,156,1,1514.13,0.79,A1827
4,Law Firm,105,14,1148.21,0.71,A1882
4,Law Firm,154,25,1465.1,0.96,A1876
4,Law Firm,51,2,1642.96,0.89,A1563
4,Law Firm,138,25,1614.03,0.88,A1100
4,Law Firm,126,9,1297.14,0.79,A1051
4,Law Firm,101,21,1112.55,0.94,A1667
4,Law Firm,150,13,529.67,0.83,A1553
4,Law Firm,109,16,1270.56,0.75,A1856
4,Law Firm,67,1,1715.03,0.75,A1015
4,Law Firm,190,14,1661.28,0.69,A1992
4,Law Firm,49,2,624.4,0.78,A1095
4,Law Firm,115,29,1002.67,0.66,A1948
4,Law Firm,172,19,1376.33,0.7,A1771
4,Law Firm,157,19,1234.55,0.75,A1869
4,Law Firm,146,4,1351.14,0.9,A1242
4,Law Firm,159,11,553.84,0.77,A1170
4,Law Firm,150,14,1675.2,0.61,A1416
4,Law Firm,117,1,1892.34,0.65,A1497
4,Law Firm,76,19,1244.75,0.69,A1492
4,Law Firm,98,4,1056.7,0.64,A1218
4,Law Firm,51,9,1055.72,0.87,A1885
4,Law Firm,165,1,463.46,0.73,A1410
4,Law Firm,68,24,736.66,0.8,A1924
4,Law Firm,190,11,1351.03,0.81,A1060
4,Law Firm,190,29,1532.45,0.68,A1168
4,Law Firm,158,7,888.03,0.98,A1388
4,Law Firm,168,22,1012.87,0.94,A1002
4,Law Firm,125,14,1774.21,0.87,A1399
5,Research Lab,94,22,1245.13,0.79,A1948
5,Research Lab,184,25,1309.49,0.94,A1802
5,Research Lab,152,11,1259.49,0.96,A1803
5,Research Lab,40,18,1122.12,0.97,A1465
5,Research Lab,181,20,1451.76,0.74,A1292
5,Research Lab,102,8,1744.61,0.94,A1433
5,Research Lab,128,15,1099.65,0.71,A1713
5,Research Lab,107,1,1261.86,0.76,A1980
5,Research Lab,171,5,1470.44,0.94,A1748
5,Research Lab,62,18,1158.34,0.94,A1802
5,Research Lab,168,23,1493.88,0.73,A1569
5,Research Lab,104,11,799.56,0.84,A1677
5,Research Lab,182,20,1462.45,0.83,A1735
5,Research Lab,74,11,552.91,0.61,A1498
5,Research Lab,50,2,1335.33,0.9,A1158
5,Research Lab,48,2,885.3,0.81,A1194
5,Research Lab,111,15,1226.88,0.7,A1303
5,Research Lab,54,10,845.58,0.9,A1222
5,Research Lab,109,13,1124.19,0.96,A1991
5,Research Lab,54,3,1317.63,0.96,A1059
5,Research Lab,58,1,1317.12,0.8,A1593
5,Research Lab,66,28,866.99,0.91,A1753
5,Research Lab,74,7,1475.49,0.88,A1555
5,Research Lab,116,3,728.85,0.92,A1062
5,Research Lab,133,10,1037.9,0.72,A1765
5,Research Lab,81,23,1354.06,0.98,A1321
5,Research Lab,157,6,1061.51,0.81,A1058
5,Research Lab,86,26,1545.7,0.6,A1051
5,Research Lab,189,21,1963.81,0.91,A1598
5,Research Lab,54,9,1323.92,0.67,A1488
5,Research Lab,160,28,1252.95,0.82,A1514
5,Research Lab,130,4,1279.62,0.72,A1941
5,Research Lab,191,18,1330.67,0.92,A1873
5,Research Lab,186,3,1467.68,0.66,A1543
5,Research Lab,108,14,1350.84,0.78,A1161
5,Research Lab,188,16,1091.85,0.67,A1058
5,Research Lab,76,14,989.9,0.85,A1983
5,Research Lab,117,12,1007.1,0.83,A1520
5,Research Lab,192,1,1400.09,0.86,A1082
5,Research Lab,81,21,735.14,0.77,A1871
5,Research Lab,63,27,1316.99,0.73,A1190
5,Research Lab,71,6,1561.22,0.9,A1070
5,Research Lab,75,7,1539.21,0.76,A1609
5,Research Lab,136,26,1714.71,0.73,A1069
5,Research Lab,52,16,1348.01,0.63,A1691
5,Research Lab,199,20,1489.62,0.71,A1882
5,Research Lab,89,2,601.88,0.73,A1240
5,Research Lab,109,1,1312.22,0.99,A1413
5,Research Lab,41,5,1701.77,0.78,A1122
5,Research Lab,47,21,1325.71,0.82,A1964
5,Research Lab,75,4,1361.63,0.68,A1911
5,Research Lab,145,29,923.8,0.76,A1583
5,Research Lab,94,15,1193.99,0.75,A1252
5,Research Lab,62,27,1315.08,0.98,A1592
5,Research Lab,157,4,1459.6,0.7,A1608
5,Research Lab,69,20,1429.23,0.64,A1040
5,Research Lab,189,17,1327.55,0.84,A1634
5,Research Lab,77,19,1300.7,0.88,A1083
5,Research Lab,181,3,878.82,0.74,A1429
5,Research Lab,124,1,933.08,0.97,A1673
5,Research Lab,114,2,868.99,0.83,A1597
5,Research Lab,94,5,554.13,0.96,A1578
5,Research Lab,182,21,601.82,0.8,A1535
5,Research Lab,88,9,1565.5,0.81,A1323
5,Research Lab,74,29,1370.53,0.72,A1957
5,Research Lab,112,14,1379.88,0.76,A1267
5,Research Lab,105,26,889.03,0.98,A1209
5,Research Lab,49,24,1593.92,0.82,A1685
5,Research Lab,93,0,1192.49,0.84,A1733
5,Research Lab,93,13,1445.33,0.67,A1321
5,Research Lab,170,2,880.47,0.74,A1244
5,Research Lab,175,20,1108.43,0.61,A1271
5,Research Lab,64,14,1216.99,0.98,A1405
5,Research Lab,135,27,1358.91,0.72,A1134
5,Research Lab,117,19,918.2,0.85,A1687
5,Research Lab,132,10,1156.77,0.84,A1660
5,Research Lab,99,22,1135.97,0.62,A1307
5,Research Lab,50,17,1647.22,0.62,A1468
5,Research Lab,95,14,1015.98,0.87,A1323
5,Research Lab,136,3,1109.26,0.85,A1951
5,Research Lab,79,16,980.17,0.67,A1769
5,Research Lab,163,5,989.5,0.77,A1958
5,Research Lab,102,4,1161.45,0.68,A1074
5,Research Lab,46,26,1496.81,0.76,A1009
5,Research Lab,53,6,1463.59,0.6,A1469
5,Research Lab,169,29,1428.66,0.79,A1636
5,Research Lab,118,20,1036.13,0.81,A1576
5,Research Lab,104,12,1317.54,0.6,A1102
5,Research Lab,121,4,1195.41,0.64,A1075
5,Research Lab,178,20,1373.79,0.93,A1550
5,Research Lab,156,25,1419.7,0.92,A1218
5,Research Lab,196,5,828.51,0.75,A1518
5,Research Lab,81,12,1339.51,0.92,A1271
5,Research Lab,87,28,1250.0,0.71,A1135
5,Research Lab,97,27,1376.46,0.79,A1955
5,Research Lab,47,26,1352.6,0.78,A1357
5,Research Lab,118,16,1209.6,0.66,A1902
5,Research Lab,199,11,973.97,0.8,A1070
5,Research Lab,140,7,1090.4,0.63,A1900
5,Research Lab,191,16,1255.4,0.97,A1250
6,Research Lab,60,7,795.86,0.74,A1291
6,Research Lab,182,18,908.52,0.86,A1161
6,Research Lab,67,18,1555.71,0.7,A1448
6,Research Lab,77,14,1415.69,0.63,A1853
6,Research Lab,120,7,1382.14,0.75,A1556
6,Research Lab,88,3,1593.35,0.84,A1720
6,Research Lab,117,8,1336.77,0.62,A1309
6,Research Lab,153,9,1849.5,0.91,A1626
6,Research Lab,179,26,1217.1,0.83,A1826
6,Research Lab,134,15,1280.58,0.92,A1669
6,Research Lab,163,1,1090.51,0.96,A1541
6,Research Lab,192,7,948.24,0.77,A1008
6,Research Lab,163,25,1373.83,0.69,A1683
6,Research Lab,71,18,1244.31,0.95,A1836
6,Research Lab,159,20,1458.14,0.94,A1567
6,Research Lab,51,8,1025.08,0.81,A1306
6,Research Lab,188,12,1311.75,0.67,A1954
6,Research Lab,125,21,1679.74,0.98,A1679
6,Research Lab,61,27,1319.91,0.92,A1106
6,Research Lab,134,14,1004.59,0.8,A1961
6,Research Lab,127,11,1292.65,0.83,A1899
6,Research Lab,42,21,1710.66,0.82,A1137
6,Research Lab,196,29,1298.6,0.9,A1270
6,Research Lab,150,7,1470.07,0.78,A1118
6,Research Lab,183,7,1448.54,0.99,A1911
6,Research Lab,143,2,921.99,0.76,A1109
6,Research Lab,145,1,1278.2,0.89,A1760
6,Research Lab,194,1,779.85,0.74,A1566
6,Research Lab,52,8,1159.79,0.9,A1159
6,Research Lab,93,11,1204.41,0.89,A1278
6,Research Lab,53,24,1163.72,0.73,A1288
6,Research Lab,109,23,1325.86,0.8,A1619
6,Research Lab,171,14,1718.09,0.95,A1215
6,Research Lab,193,4,1080.11,0.86,A1734
6,Research Lab,93,7,1081.81,0.75,A1351
6,Research Lab,56,22,1076.45,0.94,A1208
6,Research Lab,53,2,1237.93,0.82,A1703
6,Research Lab,171,23,993.62,0.84,A1649
6,Research Lab,197,17,1108.09,0.73,A1873
6,Research Lab,102,13,1219.68,0.66,A1270
6,Research Lab,191,12,1365.98,0.8,A1517
6,Research Lab,133,22,1051.87,0.89,A1500
6,Research Lab,185,19,1431.93,0.72,A1257
6,Research Lab,184,5,1464.66,0.85,A1927
6,Research Lab,86,26,1455.03,0.97,A1929
6,Research Lab,108,24,1462.71,0.82,A1866
6,Research Lab,177,17,1353.52,0.83,A1052
6,Research Lab,157,12,943.4,0.87,A1094
6,Research Lab,148,18,1509.89,0.93,A1649
6,Research Lab,88,20,1141.52,0.78,A1433
6,Research Lab,44,3,1191.75,0.77,A1849
6,Research Lab,96,3,1731.68,0.9,A1283
6,Research Lab,99,11,1318.59,0.86,A1045
6,Research Lab,75,20,1027.97,0.63,A1003
6,Research Lab,147,9,907.09,0.7,A1341
6,Research Lab,53,23,932.26,0.98,A1789
6,Research Lab,183,21,1548.07,0.7,A1133
6,Research Lab,112,12,1128.21,0.93,A1652
6,Research Lab,146,19,1515.92,0.73,A1268
6,Research Lab,46,5,1809.99,0.95,A1165
6,Research Lab,199,23,881.07,0.94,A1759
6,Research Lab,188,9,1241.43,0.92,A1452
6,Research Lab,159,13,1438.28,0.68,A1564
6,Research Lab,88,18,823.71,0.72,A1722
6,Research Lab,124,11,957.47,0.66,A1437
6,Research Lab,166,9,1105.42,0.63,A1574
6,Research Lab,125,22,1312.33,0.69,A1009
6,Research Lab,67,25,1210.54,0.81,A1114
6,Research Lab,125,16,951.72,0.78,A1077
6,Research Lab,104,9,1225.84,0.66,A1967
6,Research Lab,41,21,1330.97,0.78,A1904
6,Research Lab,151,18,1471.18,0.85,A1707
6,Research Lab,125,11,1206.24,0.91,A1925
6,Research Lab,177,2,981.6,0.62,A1152
6,Research Lab,102,16,1006.21,0.66,A1558
6,Research Lab,166,3,960.24,0.9,A1036
6,Research Lab,182,23,1307.29,0.66,A1854
6,Research Lab,53,26,948.8,0.97,A1378
6,Research Lab,97,27,1181.69,0.95,A1596
6,Research Lab,136,9,979.24,0.79,A1565
6,Research Lab,45,6,1511.52,0.75,A1151
6,Research Lab,186,4,1351.63,0.98,A1440
6,Research Lab,51,9,1122.74,0.9,A1130
6,Research Lab,124,7,981.16,0.91,A1042
6,Research Lab,86,14,1220.36,0.66,A1315
6,Research Lab,51,1,1455.83,0.72,A1373
6,Research Lab,170,12,1120.34,0.98,A1920
6,Research Lab,168,22,1345.03,0.67,A1955
6,Research Lab,140,27,1034.79,0.91,A1815
6,Research Lab,149,21,1483.29,0.93,A1995
6,Research Lab,176,11,942.2,0.99,A1881
6,Research Lab,148,22,1542.72,0.65,A1040
6,Research Lab,197,12,1316.97,0.64,A1920
6,Research Lab,64,19,968.29,0.95,A1366
6,Research Lab,165,29,958.39,0.93,A1215
6,Research Lab,155,5,1378.93,0.81,A1698
6,Research Lab,99,11,801.62,0.7,A1255
6,Research Lab,170,11,1524.95,0.73,A1682
6,Research Lab,60,27,1030.41,0.74,A1105
6,Research Lab,121,25,1076.79,0.84,A1362
7,Bank,62,15,1674.75,0.91,A1997
7,Bank,133,14,1354.05,0.7,A1635
7,Bank,72,19,1053.27,0.72,A1767
7,Bank,195,14,1289.19,0.67,A1158
7,Bank,187,27,1132.72,0.94,A1947
7,Bank,86,5,1021.75,0.74,A1952
7,Bank,60,2,1049.06,0.9,A1242
7,Bank,184,6,1633.2,0.91,A1885
7,Bank,116,14,1322.95,0.86,A1166
7,Bank,190,26,1127.62,0.64,A1999
7,Bank,159,13,1532.12,0.81,A1819
7,Bank,74,18,1163.89,0.98,A1830
7,Bank,117,26,1039.4,0.89,A1181
7,Bank,193,5,1172.84,0.71,A1902
7,Bank,122,13,1258.79,0.91,A1422
7,Bank,110,13,1295.09,0.88,A1025
7,Bank,163,22,1859.86,0.78,A1183
7,Bank,159,5,1359.61,0.65,A1754
7,Bank,69,8,1194.17,0.72,A1946
7,Bank,92,2,1109.05,0.69,A1340
7,Bank,117,29,1003.31,0.94,A1801
7,Bank,41,8,1244.63,0.73,A1953
7,Bank,125,8,1571.59,0.71,A1421
7,Bank,51,2,1234.41,0.7,A1821
7,Bank,89,20,979.86,0.92,A1685
7,Bank,176,3,1210.82,0.94,A1884
7,Bank,104,7,389.03,0.72,A1752
7,Bank,115,13,1403.36,0.9,A1830
7,Bank,144,18,1158.77,0.84,A1254
7,Bank,90,5,1485.86,0.83,A1273
7,Bank,196,18,1222.63,0.64,A1163
7,Bank,189,11,719.41,0.79,A1806
7,Bank,125,11,1236.96,0.89,A1718
7,Bank,40,7,1365.45,0.85,A1110
7,Bank,45,21,977.26,0.78,A1391
7,Bank,66,7,803.99,0.69,A1893
7,Bank,145,0,775.51,0.84,A1039
7,Bank,181,2,422.06,0.77,A1879
7,Bank,123,23,1488.8,0.93,A1481
7,Bank,152,29,1909.12,0.92,A1227
7,Bank,187,27,1107.04,0.77,A1204
7,Bank,101,9,661.72,0.71,A1836
7,Bank,165,8,966.25,0.84,A1940
7,Bank,127,20,1141.7,0.73,A1471
7,Bank,80,6,1770.36,0.99,A1358
7,Bank,116,13,1181.8,0.66,A1312
7,Bank,147,18,1449.4,0.88,A1840
7,Bank,51,28,1145.56,0.72,A1814
7,Bank,84,25,1243.46,0.87,A1892
7,Bank,107,29,1015.57,0.91,A1233
7,Bank,121,4,1136.66,0.89,A1228
7,Bank,115,25,903.85,0.73,A1024
7,Bank,80,6,1734.62,0.85,A1675
7,Bank,90,10,880.44,0.83,A1197
7,Bank,181,17,1109.62,0.85,A1408
7,Bank,156,1,1104.8,0.81,A1336
7,Bank,170,15,1295.08,0.78,A1285
7,Bank,94,12,1770.28,0.76,A1885
7,Bank,140,20,1028.96,0.78,A1071
7,Bank,191,24,1385.55,0.63,A1990
7,Bank,60,21,1111.21,0.63,A1791
7,Bank,112,20,1525.08,0.94,A1285
7,Bank,69,27,1031.43,0.78,A1359
7,Bank,118,8,801.42,0.77,A1656
7,Bank,143,10,649.3,0.83,A1521
7,Bank,139,27,1551.37,0.87,A1409
7,Bank,73,23,1334.63,0.62,A1695
7,Bank,104,0,891.11,0.97,A1863
7,Bank,58,28,495.14,0.6,A1549
7,Bank,165,10,1300.35,0.72,A1339
7,Bank,77,4,1566.64,0.83,A1961
7,Bank,104,3,1233.35,0.67,A1028
7,Bank,108,29,1201.65,0.98,A1118
7,Bank,43,25,1057.29,0.62,A1898
7,Bank,146,26,1122.36,0.71,A1993
7,Bank,161,28,1679.59,0.74,A1267
7,Bank,163,4,412.86,0.99,A1182
7,Bank,152,28,833.8,0.71,A1594
7,Bank,165,19,1989.88,0.67,A1985
7,Bank,92,26,658.32,0.93,A1271
7,Bank,170,9,1362.85,0.67,A1039
7,Bank,124,13,1454.63,0.86,A1111
7,Bank,60,11,1251.25,0.66,A1610
7,Bank,63,28,1578.06,0.77,A1444
7,Bank,150,1,440.91,0.99,A1353
7,Bank,121,7,1114.2,0.73,A1746
7,Bank,191,25,1715.66,0.66,A1805
7,Bank,44,16,1113.87,0.88,A1321
7,Bank,157,18,1277.39,0.83,A1446
7,Bank,93,12,894.13,0.78,A1620
7,Bank,188,21,1091.47,0.91,A1523
7,Bank,59,8,1284.04,0.94,A1118
7,Bank,51,5,1162.61,0.98,A1394
7,Bank,91,5,848.22,0.83,A1921
7,Bank,141,10,1391.94,0.75,A1590
7,Bank,121,27,982.42,0.92,A1194
7,Bank,43,6,1549.74,0.95,A1260
7,Bank,186,5,1138.66,0.7,A1045
7,Bank,108,12,1465.64,0.96,A1725
7,Bank,106,21,1436.74,0.81,A1446
8,Hospital,103,29,1525.36,0.73,A1532
8,Hospital,74,23,1346.98,0.81,A1947
8,Hospital,86,2,1039.32,0.61,A1825
8,Hospital,104,3,1456.99,0.93,A1551
8,Hospital,40,14,1326.41,0.9,A1703
8,Hospital,167,8,1021.85,0.9,A1736
8,Hospital,74,1,1133.24,0.88,A1962
8,Hospital,167,3,938.25,0.76,A1759
8,Hospital,141,10,962.27,0.92,A1754
8,Hospital,73,12,1107.61,0.97,A1686
8,Hospital,162,5,1061.02,0.8,A1201
8,Hospital,163,15,1134.17,0.79,A1372
8,Hospital,105,1,1494.39,0.68,A1441
8,Hospital,73,6,1570.71,0.76,A1071
8,Hospital,159,29,1545.09,0.81,A1971
8,Hospital,197,20,1283.95,0.61,A1680
8,Hospital,186,20,1644.37,0.67,A1942
8,Hospital,62,29,1056.43,0.78,A1338
8,Hospital,93,19,1327.59,0.78,A1638
8,Hospital,149,19,1865.62,0.72,A1321
8,Hospital,118,21,897.84,0.96,A1679
8,Hospital,47,17,1250.32,0.76,A1868
8,Hospital,198,13,910.71,0.76,A1127
8,Hospital,132,25,1480.76,0.88,A1737
8,Hospital,77,16,942.47,0.64,A1921
8,Hospital,104,10,1537.68,0.71,A1307
8,Hospital,194,1,1508.23,0.95,A1519
8,Hospital,180,18,1000.88,0.95,A1316
8,Hospital,151,23,1180.34,0.75,A1682
8,Hospital,159,22,1794.51,0.6,A1418
8,Hospital,62,20,1489.62,0.98,A1334
8,Hospital,147,10,1570.84,0.97,A1412
8,Hospital,64,29,1144.4,0.85,A1713
8,Hospital,76,9,677.68,0.64,A1302
8,Hospital,87,6,350.24,0.78,A1567
8,Hospital,185,13,1205.07,0.9,A1130
8,Hospital,144,27,1114.08,0.82,A1196
8,Hospital,139,1,1298.23,0.68,A1430
8,Hospital,112,5,1511.73,0.68,A1680
8,Hospital,148,22,1177.27,0.84,A1962
8,Hospital,176,23,1241.49,0.78,A1388
8,Hospital,104,3,1098.03,0.63,A1693
8,Hospital,52,24,1354.32,0.81,A1766
8,Hospital,86,20,1376.92,0.87,A1924
8,Hospital,52,4,1252.95,0.61,A1178
8,Hospital,170,14,1224.7,0.73,A1630
8,Hospital,51,21,1474.21,0.94,A1582
8,Hospital,161,27,915.47,0.76,A1308
8,Hospital,104,19,691.15,0.69,A1415
8,Hospital,131,25,1101.44,0.93,A1561
8,Hospital,173,6,1230.56,0.74,A1853
8,Hospital,165,11,1664.71,0.6,A1000
8,Hospital,82,20,1249.43,0.93,A1311
8,Hospital,199,10,1215.27,0.92,A1293
8,Hospital,84,21,1293.62,0.84,A1215
8,Hospital,118,27,1244.98,0.78,A1440
8,Hospital,43,25,1837.93,0.85,A1804
8,Hospital,71,27,1329.89,0.9,A1593
8,Hospital,56,26,1430.5,0.95,A1621
8,Hospital,64,9,1634.36,0.72,A1670
8,Hospital,122,10,1206.41,0.95,A1329
8,Hospital,134,27,1313.32,0.85,A1476
8,Hospital,104,16,1154.58,0.88,A1452
8,Hospital,96,14,1324.94,0.62,A1452
8,Hospital,65,16,1198.55,0.69,A1691
8,Hospital,93,0,1431.9,0.97,A1218
8,Hospital,194,1,1201.14,0.87,A1523
8,Hospital,173,5,712.1,0.96,A1484
8,Hospital,117,9,1148.95,0.82,A1812
8,Hospital,45,28,805.78,0.79,A1922
8,Hospital,147,0,487.3,0.86,A1982
8,Hospital,55,3,1379.47,0.97,A1815
8,Hospital,87,23,720.56,0.77,A1753
8,Hospital,58,22,1338.65,0.63,A1173
8,Hospital,157,17,1327.77,0.9,A1674
8,Hospital,180,9,1205.74,0.79,A1086
8,Hospital,135,3,1415.93,0.86,A1290
8,Hospital,123,23,812.02,0.9,A1527
8,Hospital,132,21,1541.31,0.91,A1679
8,Hospital,195,9,1304.88,0.91,A1648
8,Hospital,143,1,1616.29,0.7,A1634
8,Hospital,194,24,1219.83,0.76,A1343
8,Hospital,147,12,1197.84,0.8,A1095
8,Hospital,110,16,1384.51,0.85,A1838
8,Hospital,187,20,688.59,0.84,A1974
8,Hospital,155,28,1073.24,0.82,A1769
8,Hospital,130,17,836.65,0.67,A1240
8,Hospital,148,19,1419.23,0.64,A1688
8,Hospital,49,26,1077.89,0.97,A1317
8,Hospital,178,23,1405.9,0.83,A1230
8,Hospital,138,11,958.47,0.74,A1825
8,Hospital,86,22,1487.36,0.97,A1203
8,Hospital,79,4,1623.32,0.79,A1150
8,Hospital,182,17,1078.38,0.68,A1025
8,Hospital,175,8,1423.83,0.61,A1047
8,Hospital,107,25,712.49,0.97,A1250
8,Hospital,168,2,1004.11,0.92,A1486
8,Hospital,73,24,1564.01,0.78,A1625
8,Hospital,155,22,1149.84,0.81,A1870
8,Hospital,96,28,1399.85,0.76,A1786
9,Hospital,93,5,980.55,0.72,A1466
9,Hospital,42,18,893.04,0.62,A1424
9,Hospital,115,5,1443.58,0.76,A1907
9,Hospital,180,22,1601.35,0.84,A1644
9,Hospital,69,29,1028.8,0.71,A1589
9,Hospital,165,15,1420.27,0.95,A1199
9,Hospital,157,3,1637.92,0.86,A1735
9,Hospital,98,22,683.97,0.81,A1713
9,Hospital,71,26,1239.98,0.7,A1393
9,Hospital,49,21,675.23,0.7,A1506
9,Hospital,107,15,1515.58,0.9,A1409
9,Hospital,141,16,900.58,0.8,A1249
9,Hospital,90,3,1185.42,0.66,A1151
9,Hospital,54,6,1334.58,0.78,A1671
9,Hospital,40,14,1526.24,0.94,A1704
9,Hospital,120,1,1477.25,0.91,A1005
9,Hospital,112,12,1392.54,0.66,A1914
9,Hospital,120,16,865.84,0.88,A1768
9,Hospital,148,22,635.87,0.79,A1881
9,Hospital,139,3,1347.95,0.75,A1788
9,Hospital,122,10,744.64,0.87,A1906
9,Hospital,122,5,1092.89,0.81,A1109
9,Hospital,122,20,1745.77,0.94,A1797
9,Hospital,52,15,1211.98,0.91,A1435
9,Hospital,186,11,1326.16,0.92,A1224
9,Hospital,134,3,1109.11,0.84,A1180
9,Hospital,41,23,1201.94,0.63,A1823
9,Hospital,158,2,1605.85,0.93,A1980
9,Hospital,122,18,1220.92,0.71,A1712
9,Hospital,114,4,1008.07,0.74,A1530
9,Hospital,184,5,1565.32,0.76,A1475
9,Hospital,157,23,939.47,0.91,A1051
9,Hospital,101,17,1744.0,0.73,A1570
9,Hospital,86,6,1002.77,0.97,A1255
9,Hospital,180,19,1535.22,0.68,A1939
9,Hospital,186,21,1634.55,0.83,A1868
9,Hospital,187,28,1327.34,0.96,A1124
9,Hospital,175,25,1149.57,0.78,A1467
9,Hospital,56,1,1654.08,0.87,A1136
9,Hospital,110,26,1015.99,0.84,A1820
9,Hospital,137,24,1422.82,0.81,A1475
9,Hospital,61,25,1609.44,0.84,A1683
9,Hospital,78,26,1036.0,0.83,A1543
9,Hospital,123,2,1118.5,0.85,A1572
9,Hospital,197,20,1443.42,0.88,A1609
9,Hospital,87,5,855.52,0.72,A1324
9,Hospital,139,26,1505.3,0.97,A1972
9,Hospital,193,24,1281.45,0.66,A1773
9,Hospital,118,26,1365.44,0.68,A1912
9,Hospital,61,3,1302.18,0.87,A1453
9,Hospital,64,12,1131.18,0.83,A1627
9,Hospital,88,8,1186.96,0.78,A1834
9,Hospital,168,9,1537.31,0.67,A1736
9,Hospital,71,5,1099.78,0.98,A1913
9,Hospital,184,9,1192.93,0.64,A1516
9,Hospital,124,24,1147.69,0.77,A1436
9,Hospital,54,3,1703.24,0.6,A1850
9,Hospital,131,16,1052.27,0.81,A1928
9,Hospital,80,9,912.69,0.86,A1561
9,Hospital,190,14,1394.99,0.89,A1456
9,Hospital,86,0,990.42,0.7,A1918
9,Hospital,79,10,938.84,0.78,A1162
9,Hospital,101,25,1678.68,0.75,A1761
9,Hospital,177,17,1690.26,0.91,A1882
9,Hospital,58,3,1222.79,0.68,A1486
9,Hospital,141,0,1422.8,0.7,A1460
9,Hospital,130,13,1493.27,0.77,A1265
9,Hospital,173,10,974.15,0.81,A1769
9,Hospital,152,27,1443.1,0.86,A1253
9,Hospital,95,26,1119.11,0.78,A1860
9,Hospital,97,10,1516.4,0.79,A1652
9,Hospital,153,27,1330.82,0.66,A1283
9,Hospital,118,27,1200.81,0.91,A1784
9,Hospital,43,21,389.45,0.8,A1796
9,Hospital,100,10,1437.95,0.64,A1533
9,Hospital,94,2,1195.04,0.76,A1496
9,Hospital,160,0,1646.32,0.97,A1641
9,Hospital,148,14,1225.58,0.87,A1244
9,Hospital,74,3,897.66,0.7,A1281
9,Hospital,95,9,864.88,0.81,A1450
9,Hospital,60,28,1514.69,0.91,A1079
9,Hospital,94,13,1059.96,0.96,A1730
9,Hospital,135,4,856.34,0.8,A1292
9,Hospital,78,15,790.99,0.94,A1240
9,Hospital,100,8,1292.48,0.91,A1278
9,Hospital,126,16,553.02,0.73,A1343
9,Hospital,197,24,503.51,0.88,A1327
9,Hospital,155,14,880.29,0.79,A1914
9,Hospital,84,16,1385.87,0.81,A1553
9,Hospital,147,17,1323.22,0.72,A1082
9,Hospital,72,29,1115.69,0.74,A1141
9,Hospital,154,3,1327.49,0.65,A1154
9,Hospital,67,10,786.71,0.69,A1236
9,Hospital,195,23,1030.57,0.84,A1392
9,Hospital,176,14,1360.91,0.86,A1710
9,Hospital,196,17,1309.97,0.73,A1156
9,Hospital,180,21,1092.35,0.97,A1723
9,Hospital,87,16,1216.99,0.79,A1219
9,Hospital,100,28,1306.39,0.8,A1065
9,Hospital,52,4,1186.51,0.9,A1424
10,Bank,46,25,394.56,0.61,A1338
10,Bank,56,10,1277.87,0.63,A1555
10,Bank,170,14,1121.23,0.88,A1477
10,Bank,183,24,1309.22,0.89,A1425
10,Bank,112,23,1132.55,0.94,A1063
10,Bank,147,18,1687.64,0.71,A1211
10,Bank,196,18,1091.47,0.79,A1852
10,Bank,178,20,1564.6,0.76,A1430
10,Bank,96,7,798.55,0.89,A1398
10,Bank,118,27,1173.84,0.81,A1926
10,Bank,88,12,1435.96,0.99,A1788
10,Bank,59,28,325.9,0.82,A1598
10,Bank,106,18,1245.3,0.84,A1968
10,Bank,101,3,1115.02,0.78,A1712
10,Bank,155,10,1586.82,0.6,A1020
10,Bank,169,29,1490.4,0.93,A1877
10,Bank,176,27,971.06,0.64,A1901
10,Bank,87,24,1274.68,0.83,A1783
10,Bank,97,4,550.36,0.86,A1589
10,Bank,138,4,1291.39,0.68,A1389
10,Bank,83,28,1673.41,0.74,A1488
10,Bank,173,28,869.66,0.66,A1006
10,Bank,183,22,821.51,0.9,A1965
10,Bank,101,9,1796.94,0.72,A1360
10,Bank,52,10,945.71,0.72,A1305
10,Bank,79,12,1004.37,0.68,A1771
10,Bank,133,29,1204.69,0.67,A1399
10,Bank,120,25,1470.68,0.87,A1873
10,Bank,179,18,1353.24,0.91,A1913
10,Bank,167,29,1509.17,0.87,A1976
10,Bank,100,0,1589.23,0.78,A1855
10,Bank,149,12,1234.3,0.86,A1429
10,Bank,174,21,1153.05,0.98,A1551
10,Bank,123,25,1592.49,0.87,A1765
10,Bank,67,7,1304.9,0.62,A1752
10,Bank,173,24,730.56,0.95,A1559
10,Bank,196,6,1059.26,0.82,A1819
10,Bank,77,15,1393.39,0.92,A1617
10,Bank,179,10,1934.84,0.72,A1919
10,Bank,52,16,847.11,0.97,A1225
10,Bank,188,18,1142.75,0.63,A1499
10,Bank,74,21,1188.94,0.61,A1224
10,Bank,191,17,890.48,0.65,A1279
10,Bank,138,2,1534.01,0.84,A1446
10,Bank,124,28,1690.18,0.99,A1497
10,Bank,166,18,1726.43,0.77,A1029
10,Bank,113,28,793.79,0.83,A1398
10,Bank,191,10,1034.04,0.96,A1344
10,Bank,67,4,1046.28,0.77,A1684
10,Bank,89,3,1866.01,0.94,A1695
10,Bank,192,13,1180.16,0.86,A1817
10,Bank,94,21,1004.07,0.75,A1414
10,Bank,114,20,1044.18,0.85,A1741
10,Bank,128,8,1246.03,0.63,A1169
10,Bank,189,18,1425.09,0.76,A1860
10,Bank,143,11,1379.77,0.62,A1478
10,Bank,132,13,1356.92,0.87,A1941
10,Bank,51,7,1599.26,0.91,A1130
10,Bank,170,27,441.13,0.66,A1637
10,Bank,76,16,1111.02,0.71,A1546
10,Bank,75,21,1726.64,0.74,A1027
10,Bank,189,19,1671.91,0.61,A1928
10,Bank,79,25,1258.51,0.94,A1403
10,Bank,183,13,972.52,0.86,A1606
10,Bank,46,15,1388.86,0.71,A1577
10,Bank,112,2,958.71,0.68,A1678
10,Bank,76,9,1459.9,0.84,A1027
10,Bank,134,20,1682.29,0.62,A1085
10,Bank,59,27,1302.92,0.97,A1658
10,Bank,186,13,1292.54,0.75,A1438
10,Bank,110,11,1171.19,0.62,A1138
10,Bank,177,19,818.31,0.77,A1887
10,Bank,123,2,1076.58,0.85,A1472
10,Bank,132,29,1054.79,0.61,A1186
10,Bank,177,6,775.51,0.72,A1051
10,Bank,75,4,810.03,0.67,A1266
10,Bank,43,17,1464.36,0.66,A1388
10,Bank,61,1,1085.93,0.92,A1335
10,Bank,50,27,879.23,0.79,A1216
10,Bank,49,7,1309.3,0.72,A1465
10,Bank,191,2,1151.78,0.98,A1334
10,Bank,96,22,1510.75,0.62,A1345
10,Bank,48,21,1362.55,0.86,A1779
10,Bank,184,14,1692.35,0.68,A1900
10,Bank,102,22,1116.33,0.68,A1388
10,Bank,121,12,1453.55,0.89,A1284
10,Bank,115,11,1527.22,0.65,A1770
10,Bank,87,17,1587.15,0.65,A1974
10,Bank,78,3,1330.16,0.95,A1851
10,Bank,148,16,411.96,0.92,A1431
10,Bank,173,18,1228.29,0.94,A1258
10,Bank,93,3,1718.24,0.98,A1854
10,Bank,111,24,936.52,0.65,A1083
10,Bank,159,27,1488.59,0.66,A1481
10,Bank,195,2,1332.6,0.71,A1019
10,Bank,111,29,1070.88,0.66,A1767
10,Bank,71,2,1571.47,0.82,A1552
10,Bank,108,29,936.9,0.99,A1053
10,Bank,166,8,1240.62,0.8,A1974
10,Bank,166,21,699.47,0.89,A1358
11,Law Firm,84,9,1360.45,0.89,A1665
11,Law Firm,168,14,1568.69,0.68,A1070
11,Law Firm,191,25,1242.63,0.96,A1799
11,Law Firm,150,26,1372.41,0.83,A1980
11,Law Firm,195,24,1459.36,0.9,A1667
11,Law Firm,184,29,1655.67,0.99,A1041
11,Law Firm,135,17,1551.5,0.67,A1772
11,Law Firm,133,20,1090.4,0.62,A1031
11,Law Firm,120,7,1410.4,0.78,A1972
11,Law Firm,147,20,861.87,0.62,A1253
11,Law Firm,197,0,966.78,0.73,A1204
11,Law Firm,179,0,1408.0,0.9,A1859
11,Law Firm,175,7,1267.45,0.84,A1020
11,Law Firm,81,29,1345.64,0.62,A1636
11,Law Firm,142,10,853.04,0.82,A1156
11,Law Firm,124,7,1381.77,0.96,A1244
11,Law Firm,173,21,1229.42,0.9,A1129
11,Law Firm,154,10,1588.76,0.71,A1484
11,Law Firm,188,18,1562.54,0.85,A1685
11,Law Firm,67,1,1710.85,0.84,A1117
11,Law Firm,76,18,541.73,0.96,A1577
11,Law Firm,97,12,1227.86,0.6,A1970
11,Law Firm,71,16,1462.81,0.99,A1223
11,Law Firm,138,13,1641.8,0.63,A1476
11,Law Firm,67,0,1298.63,0.97,A1716
11,Law Firm,153,3,1208.34,0.68,A1262
11,Law Firm,194,8,1439.28,0.71,A1785
11,Law Firm,158,13,903.92,0.78,A1377
11,Law Firm,73,2,1143.93,0.86,A1171
11,Law Firm,65,19,710.86,0.89,A1620
11,Law Firm,49,18,915.33,0.76,A1621
11,Law Firm,134,17,1724.21,0.95,A1986
11,Law Firm,171,22,1011.48,0.77,A1765
11,Law Firm,105,29,1103.5,0.97,A1735
11,Law Firm,188,24,1267.95,0.67,A1117
11,Law Firm,155,5,1276.52,0.87,A1796
11,Law Firm,149,19,1432.73,0.83,A1838
11,Law Firm,161,4,1611.62,0.74,A1167
11,Law Firm,146,15,926.28,0.94,A1987
11,Law Firm,143,22,1256.54,0.87,A1318
11,Law Firm,79,17,1399.41,0.63,A1110
11,Law Firm,100,4,1227.29,0.64,A1592
11,Law Firm,94,4,1654.92,0.61,A1026
11,Law Firm,69,10,1380.64,0.81,A1951
11,Law Firm,115,6,1277.33,0.72,A1319
11,Law Firm,164,21,827.47,0.77,A1589
11,Law Firm,133,8,1027.64,0.65,A1693
11,Law Firm,128,11,1074.04,0.8,A1929
11,Law Firm,61,7,1208.99,0.65,A1981
11,Law Firm,188,14,1259.11,0.92,A1384
11,Law Firm,138,12,1053.48,0.62,A1406
11,Law Firm,129,12,1326.04,0.63,A1964
11,Law Firm,120,15,1570.15,0.69,A1732
11,Law Firm,111,28,1180.6,0.82,A1203
11,Law Firm,66,12,639.08,0.96,A1077
11,Law Firm,45,4,1083.44,0.96,A1606
11,Law Firm,88,22,1047.06,0.79,A1707
11,Law Firm,59,5,1210.33,0.66,A1850
11,Law Firm,185,3,1717.04,0.63,A1642
11,Law Firm,167,11,1349.73,0.65,A1248
11,Law Firm,58,10,1222.87,0.85,A1104
11,Law Firm,187,3,1146.06,0.87,A1713
11,Law Firm,161,15,1165.1,0.77,A1791
11,Law Firm,110,10,1112.3,0.98,A1308
11,Law Firm,138,3,1720.48,0.86,A1870
11,Law Firm,151,14,942.97,0.75,A1700
11,Law Firm,107,7,1295.24,0.62,A1614
11,Law Firm,129,27,1100.14,0.8,A1824
11,Law Firm,70,2,1204.27,0.89,A1123
11,Law Firm,84,1,727.09,0.95,A1815
11,Law Firm,147,18,744.74,0.71,A1579
11,Law Firm,69,9,901.19,0.72,A1801
11,Law Firm,153,4,1053.39,0.77,A1042
11,Law Firm,165,12,1604.74,0.86,A1355
11,Law Firm,133,5,1276.28,0.8,A1545
11,Law Firm,145,17,1088.37,0.7,A1438
11,Law Firm,161,8,1401.88,0.73,A1677
11,Law Firm,162,2,670.62,0.92,A1379
11,Law Firm,82,16,880.34,0.69,A1070
11,Law Firm,172,21,1557.95,0.92,A1518
11,Law Firm,74,21,1106.89,0.84,A1663
11,Law Firm,42,8,909.32,0.84,A1349
11,Law Firm,126,13,981.12,0.97,A1012
11,Law Firm,62,9,1308.43,0.84,A1869
11,Law Firm,108,14,1455.7,0.9,A1430
11,Law Firm,151,14,1198.1,0.9,A1842
11,Law Firm,97,29,1514.61,0.66,A1501
11,Law Firm,138,10,1696.62,0.61,A1108
11,Law Firm,188,21,1347.36,0.96,A1443
11,Law Firm,81,17,1092.59,0.62,A1983
11,Law Firm,114,15,627.19,0.61,A1370
11,Law Firm,129,15,1595.49,0.6,A1650
11,Law Firm,147,10,1173.23,0.83,A1912
11,Law Firm,116,3,1188.73,0.98,A1848
11,Law Firm,169,25,1485.46,0.71,A1470
11,Law Firm,46,14,893.65,0.8,A1724
11,Law Firm,102,7,1144.9,0.66,A1156
11,Law Firm,102,28,949.57,0.72,A1445
11,Law Firm,75,20,767.45,0.71,A1180
11,Law Firm,53,9,1457.2,0.86,A1751
12,Research Lab,163,28,620.35,0.75,A1630
12,Research Lab,58,12,997.36,0.82,A1827
12,Research Lab,103,4,1018.05,0.66,A1941
12,Research Lab,109,3,1336.77,0.76,A1551
12,Research Lab,55,17,1670.34,0.68,A1793
12,Research Lab,101,21,942.15,0.7,A1495
12,Research Lab,61,19,1106.25,0.69,A1476
12,Research Lab,186,5,1383.01,0.69,A1446
12,Research Lab,118,24,1243.0,0.64,A1845
12,Research Lab,44,19,861.41,0.86,A1748
12,Research Lab,114,4,1273.77,0.65,A1606
12,Research Lab,198,2,314.08,0.83,A1274
12,Research Lab,198,18,694.59,0.84,A1330
12,Research Lab,56,15,580.59,0.85,A1872
12,Research Lab,198,10,1002.51,0.64,A1251
12,Research Lab,110,25,1082.27,0.8,A1850
12,Research Lab,179,16,914.31,0.9,A1957
12,Research Lab,169,9,996.9,0.94,A1088
12,Research Lab,147,18,1470.12,0.73,A1285
12,Research Lab,66,16,1335.37,0.97,A1902
12,Research Lab,88,15,898.12,0.61,A1461
12,Research Lab,49,27,1096.81,0.97,A1249
12,Research Lab,116,23,957.53,0.62,A1768
12,Research Lab,61,24,1412.98,0.93,A1475
12,Research Lab,146,26,945.94,0.79,A1583
12,Research Lab,105,11,1574.89,0.73,A1624
12,Research Lab,115,25,878.74,0.81,A1684
12,Research Lab,191,21,1773.43,0.72,A1388
12,Research Lab,198,24,1255.41,0.82,A1344
12,Research Lab,63,20,1481.37,0.63,A1029
12,Research Lab,117,4,699.42,0.96,A1506
12,Research Lab,115,21,1517.62,0.66,A1871
12,Research Lab,75,12,1268.7,0.87,A1332
12,Research Lab,139,23,642.63,0.91,A1186
12,Research Lab,187,17,738.37,0.89,A1499
12,Research Lab,183,26,1352.14,0.96,A1217
12,Research Lab,188,7,1151.14,0.62,A1363
12,Research Lab,179,15,884.43,0.95,A1816
12,Research Lab,126,13,1174.98,0.72,A1264
12,Research Lab,66,19,243.66,0.85,A1348
12,Research Lab,162,13,925.12,0.7,A1286
12,Research Lab,71,7,1606.63,0.95,A1901
12,Research Lab,74,4,941.49,0.81,A1610
12,Research Lab,61,1,1209.01,0.84,A1718
12,Research Lab,128,7,1115.13,0.64,A1901
12,Research Lab,114,6,1014.28,0.99,A1282
12,Research Lab,127,10,1520.69,0.99,A1569
12,Research Lab,85,2,1227.36,0.92,A1010
12,Research Lab,97,20,954.69,0.86,A1529
12,Research Lab,109,7,710.22,0.72,A1970
12,Research Lab,170,27,1264.99,0.87,A1195
12,Research Lab,148,19,892.27,0.89,A1087
12,Research Lab,43,18,1728.36,0.84,A1247
12,Research Lab,180,12,1199.91,0.61,A1737
12,Research Lab,125,27,1825.81,0.93,A1416
12,Research Lab,81,25,895.57,0.64,A1500
12,Research Lab,65,22,1536.56,0.63,A1568
12,Research Lab,78,18,1896.01,0.83,A1776
12,Research Lab,50,25,1314.06,0.8,A1246
12,Research Lab,58,5,1146.12,0.7,A1707
12,Research Lab,152,9,868.91,0.95,A1487
12,Research Lab,46,10,1240.69,0.95,A1661
12,Research Lab,107,24,1503.21,0.73,A1728
12,Research Lab,90,20,1424.71,0.81,A1502
12,Research Lab,92,23,1045.51,0.98,A1458
12,Research Lab,43,10,1461.32,0.96,A1811
12,Research Lab,46,13,906.46,0.81,A1017
12,Research Lab,62,17,764.67,0.83,A1095
12,Research Lab,150,24,1021.86,0.73,A1301
12,Research Lab,53,13,1150.31,0.62,A1226
12,Research Lab,131,16,1292.43,0.6,A1414
12,Research Lab,86,20,1190.88,0.77,A1708
12,Research Lab,103,22,1674.51,0.65,A1249
12,Research Lab,113,9,1024.93,0.7,A1313
12,Research Lab,164,17,695.2,0.65,A1679
12,Research Lab,43,16,892.79,0.84,A1595
12,Research Lab,43,0,1163.6,0.64,A1377
12,Research Lab,47,28,1077.73,0.7,A1484
12,Research Lab,75,17,1796.63,0.83,A1566
12,Research Lab,160,17,1300.24,0.67,A1543
12,Research Lab,196,15,1518.6,0.74,A1352
12,Research Lab,56,6,1250.26,0.97,A1435
12,Research Lab,78,8,1881.43,0.92,A1763
12,Research Lab,57,25,1078.68,0.71,A1563
12,Research Lab,40,25,1662.5,0.91,A1338
12,Research Lab,58,4,726.18,0.76,A1360
12,Research Lab,140,29,1133.26,0.92,A1719
12,Research Lab,157,29,1814.06,0.61,A1464
12,Research Lab,176,21,997.52,0.77,A1277
12,Research Lab,156,11,1079.08,0.62,A1313
12,Research Lab,42,6,1129.7,0.68,A1257
12,Research Lab,147,26,1442.23,0.68,A1236
12,Research Lab,50,3,1007.88,0.8,A1123
12,Research Lab,61,1,954.81,0.92,A1738
12,Research Lab,173,9,1339.96,0.76,A1197
12,Research Lab,183,13,1603.87,0.66,A1323
12,Research Lab,158,16,813.51,0.62,A1122
12,Research Lab,81,20,1287.81,0.8,A1760
12,Research Lab,113,26,1022.25,0.77,A1548
12,Research Lab,150,2,1270.49,0.67,A1973
13,Law Firm,131,28,1038.53,0.76,A1196
13,Law Firm,116,28,1159.24,0.79,A1221
13,Law Firm,175,7,1140.67,0.8,A1756
13,Law Firm,124,2,1256.73,0.63,A1495
13,Law Firm,126,15,1504.04,0.82,A1283
13,Law Firm,116,20,1253.1,0.62,A1741
13,Law Firm,54,6,1831.1,0.62,A1603
13,Law Firm,149,7,1378.92,0.72,A1778
13,Law Firm,89,11,1435.5,0.66,A1537
13,Law Firm,62,10,1534.88,0.87,A1611
13,Law Firm,64,17,1491.06,0.67,A1289
13,Law Firm,131,18,838.52,0.73,A1102
13,Law Firm,199,14,1734.46,0.83,A1852
13,Law Firm,107,13,898.41,0.99,A1198
13,Law Firm,106,25,1659.06,0.72,A1303
13,Law Firm,133,12,1399.48,0.69,A1232
13,Law Firm,64,19,1348.86,0.86,A1369
13,Law Firm,84,17,1039.4,0.73,A1183
13,Law Firm,115,14,1803.14,0.85,A1309
13,Law Firm,186,2,902.79,0.73,A1014
13,Law Firm,65,13,1892.11,0.89,A1725
13,Law Firm,190,23,1146.37,0.91,A1546
13,Law Firm,121,11,1033.78,0.83,A1129
13,Law Firm,186,27,1679.75,0.91,A1280
13,Law Firm,165,16,1034.81,0.86,A1046
13,Law Firm,165,22,1823.3,0.82,A1997
13,Law Firm,189,15,1584.6,0.99,A1055
13,Law Firm,111,11,1389.93,0.88,A1566
13,Law Firm,124,25,1025.47,0.86,A1299
13,Law Firm,146,22,847.84,0.83,A1714
13,Law Firm,116,10,826.34,0.86,A1966
13,Law Firm,142,22,981.02,0.72,A1129
13,Law Firm,127,18,1038.98,0.78,A1653
13,Law Firm,123,26,1414.83,0.7,A1889
13,Law Firm,176,20,1612.95,0.89,A1770
13,Law Firm,151,12,1293.94,0.79,A1502
13,Law Firm,126,19,1040.56,0.83,A1105
13,Law Firm,64,25,729.64,0.6,A1893
13,Law Firm,173,10,1498.18,0.61,A1012
13,Law Firm,181,1,927.54,0.97,A1587
13,Law Firm,156,2,933.19,0.65,A1291
13,Law Firm,74,29,1613.49,0.85,A1480
13,Law Firm,192,12,883.22,0.83,A1490
13,Law Firm,183,1,1195.41,0.84,A1451
13,Law Firm,190,18,739.66,0.7,A1348
13,Law Firm,81,18,1451.63,0.66,A1188
13,Law Firm,119,11,1048.49,0.77,A1988
13,Law Firm,84,5,1582.1,0.83,A1052
13,Law Firm,109,8,1221.38,0.68,A1258
13,Law Firm,127,19,811.95,0.74,A1963
13,Law Firm,54,3,1601.08,0.91,A1882
13,Law Firm,171,16,1554.77,0.61,A1489
13,Law Firm,138,24,1167.79,0.82,A1116
13,Law Firm,185,14,1499.83,0.86,A1841
13,Law Firm,52,3,1394.85,0.62,A1066
13,Law Firm,149,8,1090.82,0.65,A1410
13,Law Firm,50,2,1082.16,0.74,A1503
13,Law Firm,112,19,791.13,0.8,A1075
13,Law Firm,95,27,1367.91,0.72,A1590
13,Law Firm,128,17,1256.26,0.73,A1644
13,Law Firm,169,24,1359.33,0.68,A1702
13,Law Firm,109,2,1686.75,0.72,A1054
13,Law Firm,121,10,1587.08,0.69,A1155
13,Law Firm,98,27,1429.23,0.7,A1152
13,Law Firm,150,29,1232.82,0.74,A1830
13,Law Firm,74,22,1222.73,0.66,A1576
13,Law Firm,141,3,747.54,0.62,A1971
13,Law Firm,150,21,852.91,0.64,A1311
13,Law Firm,111,17,1497.07,0.94,A1087
13,Law Firm,46,26,1023.91,0.91,A1254
13,Law Firm,75,24,1071.16,0.62,A1121
13,Law Firm,191,10,1464.91,0.8,A1571
13,Law Firm,154,29,1496.96,0.94,A1782
13,Law Firm,117,18,1015.44,0.97,A1426
13,Law Firm,60,21,1560.91,0.92,A1620
13,Law Firm,59,15,1432.63,0.72,A1610
13,Law Firm,98,6,1320.58,0.89,A1809
13,Law Firm,95,21,983.41,0.7,A1633
13,Law Firm,162,2,1138.88,0.93,A1231
13,Law Firm,126,8,1741.95,0.92,A1794
13,Law Firm,81,20,833.04,0.83,A1535
13,Law Firm,166,16,1708.35,0.78,A1389
13,Law Firm,172,15,1360.01,0.64,A1461
13,Law Firm,155,13,1451.84,0.86,A1930
13,Law Firm,100,16,965.71,0.84,A1453
13,Law Firm,118,14,1072.87,0.97,A1304
13,Law Firm,54,17,784.37,0.7,A1880
13,Law Firm,86,12,1437.99,0.72,A1602
13,Law Firm,135,28,1327.22,0.74,A1439
13,Law Firm,117,24,1211.83,0.67,A1312
13,Law Firm,121,21,1046.76,0.65,A1582
13,Law Firm,192,5,1187.72,0.62,A1635
13,Law Firm,130,21,414.23,0.94,A1061
13,Law Firm,133,28,780.88,0.78,A1624
13,Law Firm,61,2,947.25,0.71,A1983
13,Law Firm,169,3,1320.96,0.8,A1757
13,Law Firm,133,5,1457.59,0.7,A1101
13,Law Firm,55,18,1059.58,0.62,A1970
13,Law Firm,105,8,1408.66,0.71,A1781
13,Law Firm,196,5,2065.27,0.89,A1212
14,Law Firm,136,17,922.86,0.88,A1270
14,Law Firm,171,3,1430.24,0.69,A1676
14,Law Firm,66,10,1459.78,0.69,A1083
14,Law Firm,109,29,1500.44,0.69,A1160
14,Law Firm,126,17,1575.85,0.73,A1245
14,Law Firm,78,28,1065.53,0.8,A1177
14,Law Firm,118,17,1136.27,0.99,A1565
14,Law Firm,185,9,1651.26,0.82,A1076
14,Law Firm,109,21,1300.98,0.76,A1160
14,Law Firm,153,10,1273.8,0.7,A1002
14,Law Firm,117,8,1399.41,0.73,A1418
14,Law Firm,194,5,1034.12,0.99,A1461
14,Law Firm,152,23,798.25,0.77,A1705
14,Law Firm,99,2,1247.92,0.74,A1608
14,Law Firm,61,10,1195.22,0.73,A1481
14,Law Firm,137,0,1474.8,0.97,A1298
14,Law Firm,151,17,883.1,0.72,A1033
14,Law Firm,149,23,882.45,0.65,A1237
14,Law Firm,95,22,1254.32,0.63,A1295
14,Law Firm,168,26,1590.98,0.89,A1723
14,Law Firm,55,11,961.82,0.68,A1289
14,Law Firm,104,3,367.64,0.96,A1719
14,Law Firm,56,24,1226.15,0.94,A1880
14,Law Firm,117,15,1946.84,0.66,A1464
14,Law Firm,186,1,1046.28,0.8,A1072
14,Law Firm,109,21,930.6,0.89,A1703
14,Law Firm,123,0,1249.02,0.63,A1239
14,Law Firm,185,5,841.31,0.76,A1946
14,Law Firm,62,22,1159.75,0.62,A1270
14,Law Firm,148,22,1323.63,0.75,A1806
14,Law Firm,108,28,1587.91,0.8,A1810
14,Law Firm,77,22,1204.35,0.79,A1640
14,Law Firm,196,25,1387.18,0.85,A1603
14,Law Firm,136,8,1590.15,0.81,A1677
14,Law Firm,110,2,1361.84,0.96,A1823
14,Law Firm,144,0,1468.36,0.82,A1956
14,Law Firm,45,6,1541.81,0.87,A1202
14,Law Firm,188,29,1325.41,0.69,A1435
14,Law Firm,136,9,1221.71,0.82,A1117
14,Law Firm,95,15,1264.36,0.87,A1557
14,Law Firm,54,29,1053.78,0.78,A1230
14,Law Firm,169,3,1360.09,0.8,A1663
14,Law Firm,52,14,1085.15,0.63,A1152
14,Law Firm,113,24,805.99,0.84,A1930
14,Law Firm,156,5,1264.47,0.68,A1272
14,Law Firm,136,16,777.89,0.69,A1846
14,Law Firm,96,1,769.04,0.92,A1145
14,Law Firm,107,16,1026.01,0.64,A1073
14,Law Firm,89,15,1694.72,0.69,A1061
14,Law Firm,185,22,1387.95,0.71,A1169
14,Law Firm,113,12,1310.71,0.72,A1811
14,Law Firm,84,17,1382.18,0.68,A1314
14,Law Firm,53,16,2003.39,0.83,A1609
14,Law Firm,147,8,1219.41,0.72,A1766
14,Law Firm,194,14,1322.49,0.63,A1844
14,Law Firm,65,24,1106.83,0.87,A1582
14,Law Firm,131,16,1027.24,0.74,A1943
14,Law Firm,81,18,330.03,0.82,A1295
14,Law Firm,115,16,1536.63,0.91,A1449
14,Law Firm,193,2,919.16,0.98,A1127
14,Law Firm,139,20,700.87,0.81,A1479
14,Law Firm,191,28,1514.74,0.89,A1705
14,Law Firm,168,16,1603.05,0.78,A1311
14,Law Firm,173,15,656.3,0.79,A1716
14,Law Firm,110,8,1097.72,0.83,A1412
14,Law Firm,65,24,1125.8,0.79,A1965
14,Law Firm,102,2,1173.77,0.79,A1278
14,Law Firm,179,25,1364.5,0.8,A1512
14,Law Firm,52,13,1096.07,0.65,A1552
14,Law Firm,195,15,716.53,0.6,A1505
14,Law Firm,105,9,1488.09,0.81,A1448
14,Law Firm,123,19,1338.75,0.88,A1082
14,Law Firm,170,22,1466.25,0.98,A1612
14,Law Firm,55,18,1428.25,0.73,A1040
14,Law Firm,173,12,1502.4,0.83,A1910
14,Law Firm,90,7,1035.12,0.78,A1442
14,Law Firm,87,18,1456.03,0.63,A1752
14,Law Firm,87,6,1089.18,0.93,A1330
14,Law Firm,50,14,837.55,0.88,A1618
14,Law Firm,76,8,1124.53,0.85,A1256
14,Law Firm,132,5,1389.04,0.93,A1026
14,Law Firm,164,2,636.98,0.72,A1093
14,Law Firm,53,9,1214.79,0.7,A1234
14,Law Firm,49,25,1430.65,0.64,A1984
14,Law Firm,154,0,1804.58,0.66,A1690
14,Law Firm,145,20,1587.19,0.84,A1856
14,Law Firm,171,17,1306.7,0.9,A1881
14,Law Firm,137,5,1257.47,0.67,A1589
14,Law Firm,90,10,1608.77,0.79,A1601
14,Law Firm,47,25,1692.18,0.73,A1973
14,Law Firm,92,3,1365.94,0.67,A1021
14,Law Firm,145,11,1035.54,0.8,A1783
14,Law Firm,125,20,1126.3,0.71,A1688
14,Law Firm,193,5,1458.49,0.93,A1841
14,Law Firm,83,21,1379.06,0.6,A1275
14,Law Firm,184,18,1130.31,0.89,A1590
14,Law Firm,191,18,1917.23,0.69,A1041
14,Law Firm,72,26,1313.13,0.91,A1781
14,Law Firm,96,19,1053.52,0.68,A1774
14,Law Firm,149,24,1390.0,0.9,A1179
15,Bank,71,9,904.5,0.61,A1531
15,Bank,165,22,1259.6,0.65,A1667
15,Bank,103,6,1553.26,0.7,A1452
15,Bank,123,2,1136.23,0.94,A1938
15,Bank,185,13,1563.5,0.95,A1284
15,Bank,92,9,735.46,0.76,A1185
15,Bank,178,1,1679.56,0.71,A1599
15,Bank,186,17,1440.64,0.78,A1446
15,Bank,58,25,957.19,0.72,A1650
15,Bank,63,1,1487.01,0.62,A1833
15,Bank,175,17,1261.43,0.81,A1503
15,Bank,52,18,1429.76,0.73,A1992
15,Bank,129,7,1410.21,0.64,A1093
15,Bank,147,27,2044.4,0.81,A1481
15,Bank,41,4,1520.02,0.73,A1356
15,Bank,190,7,1103.43,0.89,A1418
15,Bank,112,14,1298.68,0.95,A1341
15,Bank,116,8,1452.1,0.65,A1328
15,Bank,182,9,1814.87,0.76,A1686
15,Bank,138,14,1114.24,0.67,A1107
15,Bank,124,5,738.72,0.84,A1878
15,Bank,190,28,1156.53,0.78,A1164
15,Bank,190,26,1390.1,0.77,A1337
15,Bank,119,20,990.54,0.72,A1421
15,Bank,83,11,746.32,0.61,A1710
15,Bank,48,11,930.19,0.76,A1507
15,Bank,67,23,1130.45,0.79,A1295
15,Bank,97,13,802.14,0.64,A1678
15,Bank,107,20,1570.43,0.9,A1967
15,Bank,90,9,890.41,0.61,A1410
15,Bank,182,5,941.09,0.69,A1833
15,Bank,49,11,713.12,0.97,A1778
15,Bank,134,17,1160.23,0.76,A1563
15,Bank,137,3,1088.23,0.85,A1037
15,Bank,48,28,1336.71,0.81,A1465
15,Bank,160,22,1398.93,0.71,A1090
15,Bank,43,28,874.74,0.89,A1322
15,Bank,119,11,1835.02,0.69,A1258
15,Bank,137,9,1637.46,0.65,A1331
15,Bank,130,23,850.96,0.83,A1118
15,Bank,129,16,1531.35,0.63,A1993
15,Bank,98,8,1019.5,0.83,A1791
15,Bank,169,16,1521.11,0.61,A1413
15,Bank,198,14,1581.57,0.98,A1885
15,Bank,90,10,1467.39,0.88,A1526
15,Bank,119,24,1201.27,0.91,A1844
15,Bank,182,26,744.33,0.75,A1001
15,Bank,152,21,410.78,0.94,A1673
15,Bank,163,16,1387.54,0.69,A1890
15,Bank,123,14,1313.76,0.92,A1555
15,Bank,55,4,1221.4,0.93,A1473
15,Bank,186,29,435.17,0.84,A1423
15,Bank,101,3,1495.91,0.78,A1055
15,Bank,46,24,986.41,0.66,A1192
15,Bank,107,26,1147.39,0.99,A1530
15,Bank,81,8,1347.45,0.67,A1370
15,Bank,161,9,968.54,0.88,A1637
15,Bank,188,7,816.74,0.65,A1774
15,Bank,152,6,1583.59,0.63,A1510
15,Bank,184,4,1396.09,0.61,A1640
15,Bank,101,19,807.37,0.61,A1452
15,Bank,89,0,1780.32,0.64,A1778
15,Bank,136,29,1585.23,0.79,A1052
15,Bank,49,5,472.08,0.95,A1208
15,Bank,110,25,1403.65,0.62,A1273
15,Bank,155,19,1194.24,0.81,A1562
15,Bank,64,27,1140.1,0.73,A1134
15,Bank,96,28,687.85,0.92,A1949
15,Bank,136,0,1569.88,0.75,A1294
15,Bank,79,2,1301.1,0.88,A1448
15,Bank,94,19,1025.77,0.72,A1901
15,Bank,151,22,1122.58,0.75,A1715
15,Bank,156,12,1541.34,0.84,A1496
15,Bank,58,18,1022.7,0.87,A1124
15,Bank,157,9,1213.65,0.61,A1029
15,Bank,41,29,1367.5,0.87,A1996
15,Bank,56,4,1796.5,0.76,A1645
15,Bank,171,5,1884.15,0.65,A1623
15,Bank,197,11,1044.72,0.72,A1818
15,Bank,96,18,1110.52,0.84,A1245
15,Bank,56,29,1016.74,0.75,A1726
15,Bank,118,27,1351.34,0.69,A1162
15,Bank,195,23,1253.21,0.91,A1318
15,Bank,148,11,570.04,0.88,A1564
15,Bank,148,0,1033.15,0.67,A1014
15,Bank,142,27,1076.43,0.8,A1565
15,Bank,151,13,1267.52,0.86,A1417
15,Bank,121,11,1062.85,0.78,A1095
15,Bank,110,3,1172.49,0.75,A1230
15,Bank,74,17,933.67,0.7,A1861
15,Bank,197,3,1054.73,0.95,A1934
15,Bank,189,22,1476.94,0.65,A1116
15,Bank,164,5,1323.79,0.62,A1472
15,Bank,145,4,1019.28,0.88,A1969
15,Bank,81,5,1225.54,0.9,A1120
15,Bank,147,25,1678.49,0.91,A1663
15,Bank,110,29,1176.14,0.6,A1852
15,Bank,84,25,481.89,0.71,A1157
15,Bank,83,14,754.78,0.65,A1510
15,Bank,113,18,1137.46,0.63,A1955
16,Research Lab,115,28,1561.98,0.81,A1521
16,Research Lab,43,9,741.85,0.71,A1722
16,Research Lab,56,19,1072.92,0.87,A1279
16,Research Lab,60,23,790.31,0.94,A1425
16,Research Lab,191,26,769.94,0.72,A1854
16,Research Lab,93,2,568.47,0.7,A1494
16,Research Lab,147,24,1348.41,0.93,A1483
16,Research Lab,194,5,1315.03,0.87,A1249
16,Research Lab,138,16,683.65,0.87,A1467
16,Research Lab,61,14,925.16,0.65,A1564
16,Research Lab,106,2,1542.09,0.78,A1148
16,Research Lab,96,7,1949.66,0.77,A1392
16,Research Lab,167,12,1737.38,0.67,A1195
16,Research Lab,177,9,1244.21,0.88,A1943
16,Research Lab,106,7,1185.7,0.72,A1613
16,Research Lab,109,8,1066.65,0.65,A1520
16,Research Lab,59,24,1176.85,0.82,A1764
16,Research Lab,78,16,1007.68,0.78,A1900
16,Research Lab,109,28,1477.82,0.72,A1139
16,Research Lab,123,24,750.66,0.77,A1884
16,Research Lab,152,28,1678.39,0.7,A1071
16,Research Lab,153,14,1199.18,0.7,A1282
16,Research Lab,57,5,631.07,0.7,A1791
16,Research Lab,162,15,1197.73,0.99,A1808
16,Research Lab,126,0,1257.45,0.79,A1874
16,Research Lab,41,29,931.94,0.86,A1424
16,Research Lab,98,4,1466.63,0.92,A1348
16,Research Lab,63,28,1308.36,0.63,A1956
16,Research Lab,97,12,1078.13,0.75,A1806
16,Research Lab,92,14,1014.95,0.78,A1519
16,Research Lab,87,18,929.19,0.85,A1273
16,Research Lab,78,3,1484.08,0.78,A1840
16,Research Lab,103,28,1524.02,0.93,A1002
16,Research Lab,141,13,1482.84,0.61,A1289
16,Research Lab,150,17,1211.8,0.81,A1743
16,Research Lab,195,6,1514.71,0.9,A1305
16,Research Lab,82,5,790.94,0.64,A1857
16,Research Lab,165,11,1325.8,0.83,A1601
16,Research Lab,108,8,882.47,0.96,A1593
16,Research Lab,49,17,450.58,0.72,A1675
16,Research Lab,124,16,1391.93,0.98,A1501
16,Research Lab,172,13,1124.98,0.92,A1886
16,Research Lab,129,5,1098.19,0.73,A1152
16,Research Lab,54,26,1155.62,0.64,A1457
16,Research Lab,183,4,1328.74,0.98,A1551
16,Research Lab,94,10,984.99,0.63,A1495
16,Research Lab,194,5,2032.89,0.65,A1353
16,Research Lab,178,7,1211.91,0.69,A1340
16,Research Lab,156,6,1136.25,0.73,A1565
16,Research Lab,48,14,1553.68,0.87,A1781
16,Research Lab,177,28,1392.27,0.67,A1556
16,Research Lab,76,21,1318.32,0.97,A1386
16,Research Lab,132,15,903.62,0.68,A1466
16,Research Lab,156,0,1219.31,0.81,A1955
16,Research Lab,130,23,1181.29,0.7,A1329
16,Research Lab,111,22,1347.27,0.87,A1890
16,Research Lab,81,6,864.22,0.87,A1193
16,Research Lab,105,24,1494.18,0.9,A1714
16,Research Lab,194,0,1207.46,0.73,A1244
16,Research Lab,164,2,954.37,0.83,A1585
16,Research Lab,97,5,1520.23,0.86,A1392
16,Research Lab,187,6,1366.11,0.97,A1239
16,Research Lab,104,0,1259.85,0.61,A1876
16,Research Lab,144,14,1175.72,0.91,A1794
16,Research Lab,94,10,1365.25,0.62,A1420
16,Research Lab,116,0,815.23,0.61,A1044
16,Research Lab,74,23,1464.34,0.66,A1325
16,Research Lab,183,14,1200.4,0.87,A1762
16,Research Lab,50,0,958.45,0.77,A1484
16,Research Lab,180,9,1523.05,0.6,A1722
16,Research Lab,142,8,1460.55,0.7,A1935
16,Research Lab,42,11,613.29,0.7,A1830
16,Research Lab,65,0,1287.98,0.95,A1390
16,Research Lab,199,3,977.17,0.81,A1395
16,Research Lab,156,3,1227.86,0.78,A1679
16,Research Lab,74,15,786.76,0.92,A1811
16,Research Lab,75,24,1360.11,0.8,A1840
16,Research Lab,108,18,2007.71,0.65,A1667
16,Research Lab,146,12,1053.69,0.86,A1155
16,Research Lab,61,1,1522.3,0.86,A1507
16,Research Lab,167,11,783.64,0.62,A1987
16,Research Lab,124,16,1429.16,0.95,A1037
16,Research Lab,198,18,1350.25,0.86,A1129
16,Research Lab,98,0,936.46,0.98,A1514
16,Research Lab,142,25,1422.74,0.64,A1988
16,Research Lab,162,4,1008.72,0.92,A1604
16,Research Lab,171,11,746.91,0.63,A1339
16,Research Lab,172,16,1182.73,0.64,A1890
16,Research Lab,71,9,1391.15,0.78,A1102
16,Research Lab,185,8,798.54,0.71,A1895
16,Research Lab,68,28,1065.59,0.72,A1865
16,Research Lab,196,14,898.59,0.75,A1450
16,Research Lab,121,17,1283.49,0.69,A1102
16,Research Lab,53,2,1108.52,0.76,A1538
16,Research Lab,101,9,1126.72,0.92,A1932
16,Research Lab,96,5,1330.29,0.63,A1467
16,Research Lab,158,13,866.45,0.63,A1015
16,Research Lab,137,11,1426.7,0.85,A1739
16,Research Lab,108,12,1021.08,0.71,A1147
16,Research Lab,170,25,1110.25,0.75,A1419
17,Law Firm,69,8,846.91,0.66,A1076
17,Law Firm,83,2,1746.16,0.92,A1480
17,Law Firm,176,1,1262.84,0.96,A1800
17,Law Firm,116,13,904.64,0.79,A1992
17,Law Firm,145,11,1250.13,0.74,A1271
17,Law Firm,69,6,1211.52,0.65,A1346
17,Law Firm,157,22,1489.32,0.73,A1638
17,Law Firm,88,9,1308.76,0.92,A1709
17,Law Firm,50,6,1109.52,0.85,A1407
17,Law Firm,153,10,1224.34,0.89,A1665
17,Law Firm,163,29,823.96,0.97,A1082
17,Law Firm,59,7,1206.74,0.94,A1872
17,Law Firm,44,10,1030.9,0.6,A1336
17,Law Firm,79,25,1324.58,0.77,A1872
17,Law Firm,122,17,1195.02,0.88,A1690
17,Law Firm,136,14,1168.25,0.98,A1879
17,Law Firm,174,25,1052.93,0.77,A1546
17,Law Firm,156,4,880.52,0.83,A1389
17,Law Firm,172,21,1004.01,0.87,A1977
17,Law Firm,156,29,1218.08,0.96,A1324
17,Law Firm,78,0,594.8,0.82,A1641
17,Law Firm,152,5,350.3,0.91,A1735
17,Law Firm,145,23,1674.16,0.84,A1908
17,Law Firm,56,22,1403.54,0.68,A1777
17,Law Firm,109,13,1310.13,0.81,A1499
17,Law Firm,138,13,1159.92,0.81,A1893
17,Law Firm,190,15,960.11,0.84,A1554
17,Law Firm,177,20,1125.69,0.72,A1036
17,Law Firm,48,14,1550.38,0.96,A1632
17,Law Firm,73,2,1168.55,0.8,A1070
17,Law Firm,159,26,829.55,0.83,A1240
17,Law Firm,106,17,1487.27,0.98,A1646
17,Law Firm,155,11,822.59,0.88,A1700
17,Law Firm,168,26,1419.48,0.6,A1943
17,Law Firm,68,17,1206.51,0.61,A1294
17,Law Firm,63,2,916.09,0.81,A1232
17,Law Firm,178,22,1334.07,0.85,A1764
17,Law Firm,182,27,1316.57,0.68,A1092
17,Law Firm,82,15,818.58,0.6,A1444
17,Law Firm,70,18,825.81,0.76,A1100
17,Law Firm,68,2,1582.53,0.61,A1778
17,Law Firm,106,21,1437.26,0.72,A1648
17,Law Firm,176,5,1399.88,0.76,A1720
17,Law Firm,145,26,1373.39,0.76,A1893
17,Law Firm,83,3,1271.37,0.87,A1102
17,Law Firm,170,11,1026.36,0.92,A1454
17,Law Firm,85,21,606.88,0.98,A1170
17,Law Firm,133,13,1525.24,0.61,A1710
17,Law Firm,70,10,1416.85,0.86,A1306
17,Law Firm,60,25,1233.54,0.61,A1925
17,Law Firm,124,28,1456.83,0.86,A1029
17,Law Firm,64,1,1372.52,0.9,A1047
17,Law Firm,65,5,1494.8,0.81,A1332
17,Law Firm,44,12,1036.96,0.68,A1815
17,Law Firm,87,24,1269.66,0.9,A1057
17,Law Firm,61,6,997.32,0.7,A1300
17,Law Firm,170,27,1200.49,0.78,A1367
17,Law Firm,55,17,1324.43,0.7,A1383
17,Law Firm,148,9,1129.23,0.94,A1441
17,Law Firm,176,7,1077.93,0.88,A1149
17,Law Firm,167,17,750.82,0.91,A1250
17,Law Firm,75,16,1584.28,0.85,A1543
17,Law Firm,113,23,1059.25,0.76,A1421
17,Law Firm,99,22,1570.27,0.77,A1579
17,Law Firm,68,22,1276.37,0.63,A1698
17,Law Firm,60,16,1531.69,0.79,A1811
17,Law Firm,181,28,1523.56,0.79,A1184
17,Law Firm,116,17,1101.68,0.79,A1174
17,Law Firm,72,6,1841.46,0.96,A1179
17,Law Firm,56,18,1595.43,0.69,A1080
17,Law Firm,159,4,1975.14,0.98,A1624
17,Law Firm,127,20,1574.64,0.64,A1891
17,Law Firm,183,25,1139.78,0.68,A1391
17,Law Firm,46,15,823.16,0.94,A1634
17,Law Firm,55,7,1128.8,0.86,A1699
17,Law Firm,56,8,1052.31,0.79,A1246
17,Law Firm,66,19,1100.01,0.86,A1509
17,Law Firm,42,19,1254.56,0.9,A1934
17,Law Firm,94,0,880.13,0.92,A1597
17,Law Firm,85,25,1913.7,0.77,A1146
17,Law Firm,98,28,1152.51,0.79,A1237
17,Law Firm,63,12,1144.84,0.83,A1472
17,Law Firm,130,24,1168.26,0.65,A1653
17,Law Firm,76,25,1187.83,0.79,A1260
17,Law Firm,103,7,1460.63,0.62,A1470
17,Law Firm,92,27,844.1,0.6,A1261
17,Law Firm,50,16,1215.16,0.72,A1682
17,Law Firm,179,14,1646.94,0.71,A1009
17,Law Firm,140,4,1274.34,0.63,A1920
17,Law Firm,169,19,1680.39,0.64,A1823
17,Law Firm,171,21,1256.06,0.91,A1476
17,Law Firm,114,27,1376.74,0.74,A1922
17,Law Firm,162,7,1288.8,0.67,A1294
17,Law Firm,89,13,1317.89,0.79,A1693
17,Law Firm,176,2,1355.72,0.67,A1559
17,Law Firm,117,23,906.76,0.67,A1161
17,Law Firm,78,24,1461.22,0.65,A1075
17,Law Firm,125,20,1484.64,0.66,A1452
17,Law Firm,89,22,790.46,0.79,A1967
17,Law Firm,48,24,986.84,0.98,A1353
18,Research Lab,140,20,1039.73,0.93,A1654
18,Research Lab,45,21,1245.27,0.6,A1985
18,Research Lab,179,3,646.5,0.88,A1434
18,Research Lab,196,16,1435.68,0.79,A1706
18,Research Lab,195,13,995.59,0.65,A1256
18,Research Lab,121,23,1490.35,0.87,A1467
18,Research Lab,63,5,944.28,0.69,A1865
18,Research Lab,83,11,1342.61,0.68,A1309
18,Research Lab,195,7,968.47,0.96,A1203
18,Research Lab,155,28,1682.86,0.96,A1393
18,Research Lab,162,17,1510.72,0.87,A1873
18,Research Lab,157,12,1001.65,0.87,A1494
18,Research Lab,171,26,1245.46,0.82,A1109
18,Research Lab,65,24,677.58,0.9,A1242
18,Research Lab,46,7,1051.04,0.64,A1390
18,Research Lab,92,17,853.95,0.97,A1585
18,Research Lab,147,15,87.36,0.6,A1367
18,Research Lab,147,14,1726.44,0.75,A1588
18,Research Lab,187,18,1605.33,0.94,A1302
18,Research Lab,46,22,1587.82,0.96,A1716
18,Research Lab,149,1,1699.12,0.9,A1302
18,Research Lab,80,15,1291.57,0.67,A1022
18,Research Lab,64,19,1236.26,0.95,A1849
18,Research Lab,118,15,939.36,0.73,A1674
18,Research Lab,113,3,1843.51,0.86,A1405
18,Research Lab,177,18,1468.4,0.93,A1281
18,Research Lab,42,4,1316.75,0.64,A1008
18,Research Lab,162,29,1200.21,0.86,A1579
18,Research Lab,150,1,1570.59,0.98,A1885
18,Research Lab,140,21,1147.82,0.74,A1702
18,Research Lab,150,5,1346.68,0.82,A1796
18,Research Lab,194,0,1063.11,0.88,A1762
18,Research Lab,72,29,1517.63,0.77,A1996
18,Research Lab,96,9,1259.44,0.78,A1050
18,Research Lab,159,22,1356.91,0.72,A1932
18,Research Lab,123,17,1161.59,0.94,A1620
18,Research Lab,191,1,1510.14,0.77,A1763
18,Research Lab,88,13,993.38,0.75,A1508
18,Research Lab,93,4,758.39,0.81,A1852
18,Research Lab,166,16,787.85,0.95,A1925
18,Research Lab,149,19,925.28,0.73,A1924
18,Research Lab,152,28,1541.89,0.82,A1293
18,Research Lab,124,4,1225.23,0.8,A1794
18,Research Lab,104,19,1099.44,0.74,A1818
18,Research Lab,85,7,936.76,0.62,A1235
18,Research Lab,50,29,478.64,0.81,A1621
18,Research Lab,78,20,1442.41,0.67,A1821
18,Research Lab,95,21,945.58,0.78,A1360
18,Research Lab,69,11,1419.85,0.85,A1224
18,Research Lab,126,3,817.73,0.92,A1651
18,Research Lab,174,21,1704.68,0.7,A1194
18,Research Lab,142,11,980.98,0.6,A1635
18,Research Lab,94,6,568.58,0.97,A1256
18,Research Lab,158,3,1812.65,0.93,A1694
18,Research Lab,184,1,458.53,0.83,A1773
18,Research Lab,194,14,697.26,0.66,A1738
18,Research Lab,72,19,1261.52,0.68,A1785
18,Research Lab,151,13,1421.64,0.68,A1675
18,Research Lab,116,22,1419.3,0.98,A1697
18,Research Lab,146,21,1361.53,0.83,A1858
18,Research Lab,195,10,1855.53,0.82,A1140
18,Research Lab,148,6,993.99,0.71,A1643
18,Research Lab,125,29,1592.18,0.85,A1099
18,Research Lab,120,9,1456.66,0.77,A1925
18,Research Lab,165,26,1000.74,0.93,A1642
18,Research Lab,152,26,628.12,0.91,A1661
18,Research Lab,153,19,1231.6,0.8,A1040
18,Research Lab,175,5,1290.71,0.76,A1316
18,Research Lab,132,8,963.97,0.68,A1807
18,Research Lab,184,14,1400.74,0.68,A1451
18,Research Lab,179,24,1447.51,0.71,A1034
18,Research Lab,155,2,1395.83,0.73,A1593
18,Research Lab,101,4,1382.86,0.88,A1373
18,Research Lab,177,23,733.39,0.79,A1749
18,Research Lab,131,5,1722.71,0.64,A1134
18,Research Lab,85,21,1816.35,0.61,A1092
18,Research Lab,162,19,1225.93,0.81,A1931
18,Research Lab,114,21,1072.77,0.79,A1302
18,Research Lab,70,26,1561.38,0.99,A1334
18,Research Lab,152,21,1254.76,0.72,A1765
18,Research Lab,85,23,1335.62,0.76,A1425
18,Research Lab,152,11,837.24,0.87,A1179
18,Research Lab,197,16,1194.15,0.87,A1205
18,Research Lab,84,11,1397.95,0.74,A1135
18,Research Lab,101,26,1119.58,0.91,A1805
18,Research Lab,73,3,757.26,0.8,A1552
18,Research Lab,143,21,1453.16,0.85,A1897
18,Research Lab,103,18,1477.69,0.98,A1994
18,Research Lab,55,7,1182.73,0.93,A1374
18,Research Lab,152,11,673.95,0.63,A1543
18,Research Lab,110,13,1023.67,0.77,A1513
18,Research Lab,155,23,785.35,0.76,A1935
18,Research Lab,174,9,1004.91,0.63,A1279
18,Research Lab,161,23,1383.11,0.6,A1850
18,Research Lab,51,2,1376.55,0.96,A1168
18,Research Lab,62,18,1400.06,0.87,A1263
18,Research Lab,127,15,1604.52,0.68,A1935
18,Research Lab,96,10,1413.61,0.89,A1844
18,Research Lab,114,28,1027.77,0.63,A1966
18,Research Lab,120,20,1360.92,0.61,A1493
19,Research Lab,58,6,1510.16,0.82,A1764
19,Research Lab,100,25,1077.76,0.63,A1891
19,Research Lab,142,18,1423.98,0.78,A1346
19,Research Lab,58,3,1297.67,0.67,A1823
19,Research Lab,152,24,939.21,0.82,A1117
19,Research Lab,154,5,1196.74,0.66,A1479
19,Research Lab,131,10,1281.9,0.83,A1986
19,Research Lab,91,2,577.61,0.9,A1077
19,Research Lab,70,26,1388.63,0.83,A1144
19,Research Lab,192,1,1092.79,0.83,A1772
19,Research Lab,172,3,1610.59,0.82,A1989
19,Research Lab,128,25,900.3,0.82,A1231
19,Research Lab,53,23,1338.02,0.71,A1880
19,Research Lab,47,23,1267.95,0.8,A1692
19,Research Lab,58,0,334.75,0.73,A1741
19,Research Lab,180,0,1225.26,0.71,A1690
19,Research Lab,116,26,877.06,0.87,A1406
19,Research Lab,154,16,1056.18,0.89,A1990
19,Research Lab,87,13,1163.66,0.81,A1866
19,Research Lab,126,19,1472.25,0.68,A1823
19,Research Lab,160,1,1417.31,0.72,A1570
19,Research Lab,62,26,1218.35,0.9,A1374
19,Research Lab,76,5,1306.44,0.86,A1092
19,Research Lab,192,28,1804.66,0.76,A1809
19,Research Lab,90,23,1132.54,0.79,A1404
19,Research Lab,145,0,921.36,0.92,A1014
19,Research Lab,75,25,1380.06,0.82,A1270
19,Research Lab,78,6,1487.38,0.76,A1549
19,Research Lab,91,0,1177.07,0.84,A1126
19,Research Lab,49,27,973.38,0.86,A1465
19,Research Lab,54,2,1680.05,0.64,A1377
19,Research Lab,54,12,1447.94,0.95,A1688
19,Research Lab,177,5,1445.81,0.63,A1766
19,Research Lab,185,17,1327.17,0.73,A1688
19,Research Lab,127,1,1059.97,0.7,A1268
19,Research Lab,133,9,755.1,0.88,A1598
19,Research Lab,104,1,1540.07,0.75,A1390
19,Research Lab,100,22,1044.5,0.72,A1842
19,Research Lab,107,11,1002.48,0.65,A1653
19,Research Lab,136,23,1338.74,0.92,A1962
19,Research Lab,63,27,799.24,0.82,A1380
19,Research Lab,119,5,1417.24,0.86,A1110
19,Research Lab,114,18,1203.97,0.81,A1691
19,Research Lab,93,6,1087.33,0.72,A1239
19,Research Lab,68,10,1381.55,0.91,A1482
19,Research Lab,81,29,1022.54,0.71,A1025
19,Research Lab,199,25,834.93,0.92,A1634
19,Research Lab,169,16,1609.01,0.82,A1905
19,Research Lab,91,26,1084.49,0.92,A1965
19,Research Lab,112,19,639.6,0.81,A1574
19,Research Lab,139,27,1429.34,0.92,A1335
19,Research Lab,82,6,905.86,0.76,A1937
19,Research Lab,87,29,1140.72,0.83,A1624
19,Research Lab,154,4,715.96,0.95,A1226
19,Research Lab,164,16,1619.91,0.61,A1663
19,Research Lab,164,0,1309.99,0.93,A1064
19,Research Lab,59,27,904.66,0.82,A1650
19,Research Lab,128,12,1064.62,0.6,A1843
19,Research Lab,127,1,1322.66,0.91,A1475
19,Research Lab,74,24,1034.21,0.93,A1931
19,Research Lab,177,0,1148.47,0.89,A1717
19,Research Lab,108,8,1497.91,0.64,A1309
19,Research Lab,103,8,836.39,0.98,A1664
19,Research Lab,144,5,1297.49,0.82,A1418
19,Research Lab,48,27,1243.73,0.83,A1119
19,Research Lab,76,1,1005.44,0.91,A1143
19,Research Lab,132,25,1095.84,0.64,A1046
19,Research Lab,67,3,1431.24,0.85,A1968
19,Research Lab,90,7,1439.94,0.65,A1038
19,Research Lab,40,6,690.17,0.82,A1311
19,Research Lab,54,3,995.71,0.9,A1504
19,Research Lab,73,27,739.01,0.94,A1118
19,Research Lab,72,1,679.48,0.65,A1099
19,Research Lab,116,0,920.47,0.87,A1240
19,Research Lab,54,16,1089.05,0.64,A1908
19,Research Lab,181,10,1101.62,0.84,A1550
19,Research Lab,138,28,1608.97,0.89,A1138
19,Research Lab,49,7,1108.91,0.73,A1397
19,Research Lab,98,17,871.13,0.69,A1464
19,Research Lab,93,25,1179.64,0.94,A1379
19,Research Lab,48,21,1971.6,0.98,A1686
19,Research Lab,133,21,525.17,0.68,A1972
19,Research Lab,169,29,1024.08,0.86,A1760
19,Research Lab,111,15,1014.07,0.93,A1713
19,Research Lab,54,20,1338.97,0.74,A1968
19,Research Lab,186,14,1143.54,0.64,A1553
19,Research Lab,178,20,1399.84,0.83,A1429
19,Research Lab,113,1,707.06,0.63,A1601
19,Research Lab,149,18,1051.17,0.8,A1760
19,Research Lab,109,13,1464.14,0.93,A1744
19,Research Lab,150,15,1664.4,0.83,A1158
19,Research Lab,109,28,921.35,0.84,A1906
19,Research Lab,197,24,1271.89,0.63,A1424
19,Research Lab,61,24,1419.92,0.97,A1670
19,Research Lab,65,9,632.17,0.75,A1101
19,Research Lab,105,1,1293.45,0.83,A1853
19,Research Lab,195,12,944.54,0.84,A1501
19,Research Lab,98,8,1201.88,0.79,A1630
19,Research Lab,135,21,970.74,0.9,A1417
19,Research Lab,113,22,1462.85,0.81,A1961
20,Research Lab,165,9,1836.31,0.8,A1033
20,Research Lab,68,17,1131.54,0.93,A1706
20,Research Lab,53,1,899.22,0.65,A1379
20,Research Lab,167,17,1187.15,0.76,A1222
20,Research Lab,58,7,1232.12,0.7,A1454
20,Research Lab,125,16,1096.46,0.71,A1455
20,Research Lab,181,18,1437.0,0.63,A1973
20,Research Lab,178,19,1127.83,0.68,A1241
20,Research Lab,149,10,1433.95,0.81,A1875
20,Research Lab,141,14,1546.27,0.92,A1371
20,Research Lab,87,15,1288.7,0.94,A1101
20,Research Lab,178,12,1117.04,0.86,A1702
20,Research Lab,43,11,1494.57,0.94,A1376
20,Research Lab,145,12,910.44,0.8,A1557
20,Research Lab,97,18,1176.45,0.62,A1923
20,Research Lab,67,20,1006.33,0.75,A1660
20,Research Lab,165,21,1437.59,0.81,A1367
20,Research Lab,151,19,703.38,0.63,A1062
20,Research Lab,72,16,999.75,0.95,A1407
20,Research Lab,42,28,1426.36,0.92,A1282
20,Research Lab,55,13,1787.95,0.87,A1194
20,Research Lab,88,18,1335.18,0.72,A1991
20,Research Lab,69,26,1722.08,0.95,A1125
20,Research Lab,84,29,986.67,0.76,A1971
20,Research Lab,54,19,1241.21,0.85,A1868
20,Research Lab,114,28,973.06,0.89,A1843
20,Research Lab,91,21,1316.28,0.8,A1465
20,Research Lab,72,7,951.94,0.74,A1093
20,Research Lab,112,1,1515.89,0.62,A1678
20,Research Lab,47,15,1177.05,0.74,A1217
20,Research Lab,155,28,963.96,0.63,A1657
20,Research Lab,53,3,964.65,0.83,A1654
20,Research Lab,144,17,1124.38,0.84,A1611
20,Research Lab,96,26,1401.61,0.75,A1994
20,Research Lab,172,6,923.23,0.73,A1021
20,Research Lab,150,4,1666.19,0.64,A1051
20,Research Lab,197,19,1309.28,0.88,A1805
20,Research Lab,183,8,858.57,0.95,A1341
20,Research Lab,194,18,1129.14,0.89,A1249
20,Research Lab,185,18,1302.75,0.91,A1128
20,Research Lab,94,12,1253.08,0.84,A1805
20,Research Lab,191,3,1103.35,0.6,A1578
20,Research Lab,144,9,1427.45,0.78,A1210
20,Research Lab,179,29,798.0,0.7,A1070
20,Research Lab,102,19,1380.24,0.8,A1849
20,Research Lab,165,17,735.64,0.96,A1783
20,Research Lab,128,2,1180.93,0.94,A1567
20,Research Lab,172,8,764.72,0.96,A1212
20,Research Lab,62,8,886.34,0.91,A1600
20,Research Lab,53,13,1192.12,0.95,A1221
20,Research Lab,128,15,1798.11,0.78,A1832
20,Research Lab,182,18,916.5,0.75,A1890
20,Research Lab,169,26,1212.37,0.61,A1238
20,Research Lab,62,3,1441.48,0.98,A1336
20,Research Lab,156,9,1147.6,0.7,A1792
20,Research Lab,155,14,1207.59,0.78,A1151
20,Research Lab,163,18,743.92,0.63,A1807
20,Research Lab,112,19,1484.43,0.89,A1922
20,Research Lab,104,16,1176.67,0.72,A1610
20,Research Lab,77,6,1144.03,0.95,A1002
20,Research Lab,143,11,766.93,0.63,A1283
20,Research Lab,97,8,1406.06,0.7,A1879
20,Research Lab,78,27,1325.63,0.76,A1148
20,Research Lab,91,4,1266.18,0.95,A1133
20,Research Lab,107,14,1255.14,0.82,A1553
20,Research Lab,148,28,1075.68,0.79,A1256
20,Research Lab,191,18,1046.7,0.63,A1817
20,Research Lab,96,29,433.94,0.67,A1178
20,Research Lab,110,17,1798.16,0.66,A1112
20,Research Lab,71,21,1063.36,0.89,A1676
20,Research Lab,96,12,1646.52,0.65,A1887
20,Research Lab,170,2,1533.49,0.65,A1026
20,Research Lab,103,19,1239.19,0.84,A1134
20,Research Lab,135,5,1056.6,0.8,A1015
20,Research Lab,136,19,836.16,0.71,A1366
20,Research Lab,118,13,1417.16,0.8,A1808
20,Research Lab,165,14,922.73,0.89,A1807
20,Research Lab,65,17,1501.62,0.85,A1243
20,Research Lab,112,26,914.23,0.89,A1602
20,Research Lab,127,28,1296.45,0.79,A1331
20,Research Lab,115,18,1613.54,0.64,A1016
20,Research Lab,65,12,998.55,0.99,A1178
20,Research Lab,159,17,1202.21,0.69,A1271
20,Research Lab,83,12,756.44,0.9,A1053
20,Research Lab,132,3,680.92,0.8,A1129
20,Research Lab,65,7,1600.17,0.82,A1759
20,Research Lab,128,17,804.31,0.92,A1431
20,Research Lab,80,4,1206.03,0.9,A1538
20,Research Lab,47,5,1155.32,0.65,A1116
20,Research Lab,177,5,1352.6,0.64,A1763
20,Research Lab,122,29,343.2,0.9,A1065
20,Research Lab,62,15,1070.12,0.63,A1487
20,Research Lab,45,5,1118.57,0.64,A1459
20,Research Lab,56,19,1257.84,0.6,A1796
20,Research Lab,86,24,1183.41,0.81,A1370
20,Research Lab,129,21,1328.12,0.7,A1525
20,Research Lab,112,9,1151.32,0.77,A1607
20,Research Lab,163,9,1192.4,0.81,A1111
20,Research Lab,70,27,1905.53,0.94,A1462
20,Research Lab,182,1,1034.39,0.92,A1515
